event_id,treated,outcome,event_time,coef,se,tstat,pval
btc_etf_approval,BTC,log_dispersion_bps,-30,0.00959914578015289,0.13600383180631423,0.07057996567202036,0.9437344806838426
btc_etf_approval,BTC,log_dispersion_bps,-29,-0.2149153648787003,0.23989148957727496,-0.8958857409131672,0.37035084231408977
btc_etf_approval,BTC,log_dispersion_bps,-28,-0.14368818082725204,0.1973900497607177,-0.7279403445180509,0.46667938928994257
btc_etf_approval,BTC,log_dispersion_bps,-27,-0.2956996365255704,0.16977889028365462,-1.741674928087563,0.0816181742069686
btc_etf_approval,BTC,log_dispersion_bps,-26,-0.1761222749042691,0.2830741027699988,-0.6221772786024535,0.5338496777474264
btc_etf_approval,BTC,log_dispersion_bps,-25,-0.14288530225755905,0.3076179358141044,-0.4644895034465923,0.6423144527806586
btc_etf_approval,BTC,log_dispersion_bps,-24,0.06796176386729426,0.28280946077844926,0.2403093718301559,0.8100988938945193
btc_etf_approval,BTC,log_dispersion_bps,-23,-0.11193511848220393,0.21447099547719015,-0.5219126168233256,0.6017510349412554
btc_etf_approval,BTC,log_dispersion_bps,-22,-0.19298020374887054,0.21864694789785716,-0.8826110110579862,0.37748292979023823
btc_etf_approval,BTC,log_dispersion_bps,-21,-0.02889578767389461,0.18782510823177678,-0.15384411565591707,0.8777379825511187
btc_etf_approval,BTC,log_dispersion_bps,-20,-0.05877919099059729,0.17978036901204142,-0.32694999634059235,0.7437174633250647
btc_etf_approval,BTC,log_dispersion_bps,-19,-0.10133420586205144,0.16378516920021194,-0.61870196402325,0.5361369295648757
btc_etf_approval,BTC,log_dispersion_bps,-18,-0.15678660046528972,0.19721689734946826,-0.7949957765914141,0.42664837720723936
btc_etf_approval,BTC,log_dispersion_bps,-17,-0.39732452536752033,0.2288182546629196,-1.7364197010978577,0.08254256665825355
btc_etf_approval,BTC,log_dispersion_bps,-16,-0.05024352224809634,0.19595946939358466,-0.2563975214036848,0.7976529638131424
btc_etf_approval,BTC,log_dispersion_bps,-15,0.044710470238498064,0.1988746831521383,0.22481730469581562,0.8221292959753796
btc_etf_approval,BTC,log_dispersion_bps,-14,-0.17144096860969188,0.22933806598833756,-0.7475469363137043,0.45476368343874984
btc_etf_approval,BTC,log_dispersion_bps,-13,-0.28926930837822606,0.2354563860832038,-1.2285473041958874,0.21929125840322294
btc_etf_approval,BTC,log_dispersion_bps,-12,-0.12382797765869241,0.2405294424198979,-0.5148142215476599,0.6067023964852107
btc_etf_approval,BTC,log_dispersion_bps,-11,0.14672716019264556,0.24940876437861187,0.5882999362841485,0.5563538162415433
btc_etf_approval,BTC,log_dispersion_bps,-10,0.03210209786094406,0.23604247109507365,0.13600136328014426,0.891824906876268
btc_etf_approval,BTC,log_dispersion_bps,-9,0.13052606774782247,0.21055248408038055,0.619921765909885,0.535333564556606
btc_etf_approval,BTC,log_dispersion_bps,-8,0.27011370361515774,0.0789060872889523,3.423230233505401,0.000623083353822107
btc_etf_approval,BTC,log_dispersion_bps,-7,-0.2574402538370357,0.15543291666692652,-1.6562788587998918,0.09771926652244045
btc_etf_approval,BTC,log_dispersion_bps,-6,-0.345488552429594,0.12863040590533875,-2.6859011288811816,0.007253977840194548
btc_etf_approval,BTC,log_dispersion_bps,-5,-0.32879846620585634,0.0938873834713467,-3.502051650062244,0.0004651561000588167
btc_etf_approval,BTC,log_dispersion_bps,-4,-0.5374733273205409,0.07159348741615838,-7.507293564236056,6.94999613415348e-14
btc_etf_approval,BTC,log_dispersion_bps,-3,-0.17213954450378502,0.13979379130516778,-1.2313819011318388,0.21822981732188174
btc_etf_approval,BTC,log_dispersion_bps,-2,0.11332889113751587,0.05309059868627521,2.1346320053236325,0.03283273836024092
btc_etf_approval,BTC,log_dispersion_bps,0,0.20457192382643868,0.027932546111969783,7.323783625251927,2.737809978725636e-13
btc_etf_approval,BTC,log_dispersion_bps,1,0.26536985604422686,0.07176134605038194,3.6979498107228506,0.00021934942023538184
btc_etf_approval,BTC,log_dispersion_bps,2,0.1985893105441566,0.09158181358532465,2.168436098496079,0.030165901010173357
btc_etf_approval,BTC,log_dispersion_bps,3,0.24712235167290422,0.10320169212917542,2.3945571683416422,0.016671889517253735
btc_etf_approval,BTC,log_dispersion_bps,4,0.05952377755062687,0.12757789783912526,0.4665681012057895,0.6408263769007059
btc_etf_approval,BTC,log_dispersion_bps,5,0.1428757941723869,0.14581205084303558,0.9798627297697807,0.3271946109801569
btc_etf_approval,BTC,log_dispersion_bps,6,0.3961333969697238,0.16291594658973105,2.431520089112584,0.015065590488005487
btc_etf_approval,BTC,log_dispersion_bps,7,0.5170050014714387,0.2125347161697665,2.4325673037738937,0.015022139623054542
btc_etf_approval,BTC,log_dispersion_bps,8,0.6039708619979296,0.27940746362674723,2.1616132015884792,0.030688642540127153
btc_etf_approval,BTC,log_dispersion_bps,9,0.705523896119531,0.33405149927636285,2.1120213429601966,0.03472711411145202
btc_etf_approval,BTC,log_dispersion_bps,10,0.7535766417624493,0.39280991811178245,1.9184256990883897,0.0551059229405535
btc_etf_approval,BTC,log_dispersion_bps,11,0.9444331632621737,0.3501273662496917,2.6973988733821384,0.007008490068716178
btc_etf_approval,BTC,log_dispersion_bps,12,0.73701365346672,0.29682608278182393,2.4829814366699274,0.01305675033186482
btc_etf_approval,BTC,log_dispersion_bps,13,0.7897885216851337,0.24867702552499685,3.175960947810777,0.0015012084586312202
btc_etf_approval,BTC,log_dispersion_bps,14,0.8977802286915783,0.16941473898695567,5.299304145908486,1.2052288944630618e-07
btc_etf_approval,BTC,log_dispersion_bps,15,0.7746788917747791,0.1597739475385645,4.848593301406636,1.275718892745914e-06
btc_etf_approval,BTC,log_dispersion_bps,16,0.62508200270507,0.16787205843300787,3.7235619110164144,0.00019828829295009953
btc_etf_approval,BTC,log_dispersion_bps,17,0.07520571772031147,0.14261121254480133,0.5273478598093091,0.5979721454070268
btc_etf_approval,BTC,log_dispersion_bps,18,0.08089168299099982,0.1395704556819633,0.579575975415071,0.5622230312655692
btc_etf_approval,BTC,log_dispersion_bps,19,0.14342036078621248,0.12484669848018429,1.148771753936098,0.25069731943173124
btc_etf_approval,BTC,log_dispersion_bps,20,0.26139120987616915,0.09232662531912098,2.8311574150218037,0.004653901355283319
btc_etf_approval,BTC,log_dispersion_bps,21,0.3839903629448402,0.14709943452209065,2.6104135899120293,0.00906646027739888
btc_etf_approval,BTC,log_dispersion_bps,22,0.532835500126803,0.16463294660017844,3.2365058825122524,0.0012168019430529586
btc_etf_approval,BTC,log_dispersion_bps,23,0.5110617638689345,0.15559623859450414,3.284538035657797,0.0010275367992538254
btc_etf_approval,BTC,log_dispersion_bps,24,0.2387425098119084,0.17583062705536584,1.357798205068863,0.17458036373731245
btc_etf_approval,BTC,log_dispersion_bps,25,0.1120441053154882,0.1613774973197011,0.6942981963186621,0.4875229344222618
btc_etf_approval,BTC,log_dispersion_bps,26,0.5434727937522474,0.223024672444865,2.436828122173801,0.014846486910065515
btc_etf_approval,BTC,log_dispersion_bps,27,0.6192993109512898,0.22244485777842604,2.7840576632621663,0.005385683793009077
btc_etf_approval,BTC,log_dispersion_bps,28,0.5804796536438918,0.20318569606078382,2.8568923152456507,0.004293276313674488
btc_etf_approval,BTC,log_dispersion_bps,29,1.184696844440045,0.21187311076136311,5.59153938969817,2.3530318804532158e-08
btc_etf_approval,BTC,log_dispersion_bps,30,1.4042867434626352,0.33682549446863774,4.169181865755088,3.101333570265652e-05
btc_etf_approval,BTC,log_amihud_illiquidity,-30,0.20159981201525665,0.11914610571425437,1.6920386176846542,0.09069214064375664
btc_etf_approval,BTC,log_amihud_illiquidity,-29,0.5001844416073471,0.14300044885840574,3.4977823188695933,0.00047264979740058166
btc_etf_approval,BTC,log_amihud_illiquidity,-28,0.2868581781206648,0.1474516791491819,1.9454385312929572,0.051770306617048956
btc_etf_approval,BTC,log_amihud_illiquidity,-27,0.34919372186794395,0.12222993225028245,2.8568593260194417,0.004293721899705005
btc_etf_approval,BTC,log_amihud_illiquidity,-26,0.9141081865778962,0.7286148352918673,1.2545835499104603,0.20968035800853313
btc_etf_approval,BTC,log_amihud_illiquidity,-25,0.6201979428697681,0.6250780659972365,0.9921927781617442,0.3211447428527532
btc_etf_approval,BTC,log_amihud_illiquidity,-24,0.08002032930396426,0.22207496139271365,0.3603302632684359,0.7186132462150403
btc_etf_approval,BTC,log_amihud_illiquidity,-23,0.22854745996171116,0.13232327698953844,1.7271901449340639,0.08418657645219363
btc_etf_approval,BTC,log_amihud_illiquidity,-22,-0.001508229706034222,0.13021301976477076,-0.011582787257056417,0.9907588765183735
btc_etf_approval,BTC,log_amihud_illiquidity,-21,0.11318008103575053,0.09419239166222491,1.201584109273026,0.22957359340750094
btc_etf_approval,BTC,log_amihud_illiquidity,-20,0.470831624157025,0.14484456699169423,3.25059913489212,0.001158173208690494
btc_etf_approval,BTC,log_amihud_illiquidity,-19,0.38558929846845336,0.1460634875795697,2.6398746521672596,0.008315795663362602
btc_etf_approval,BTC,log_amihud_illiquidity,-18,0.380729455844318,0.22176245396748895,1.7168346085317674,0.08606260177572
btc_etf_approval,BTC,log_amihud_illiquidity,-17,0.4940646978174387,0.22510781662955234,2.1947913902540934,0.028217930669764746
btc_etf_approval,BTC,log_amihud_illiquidity,-16,0.4900726509623349,0.21829368990315123,2.2450151957198665,0.02480455686674965
btc_etf_approval,BTC,log_amihud_illiquidity,-15,0.39253481553041747,0.1384642224607882,2.8349187144107186,0.004599536779423596
btc_etf_approval,BTC,log_amihud_illiquidity,-14,0.37998622979373403,0.13859834033642585,2.7416362192460366,0.006132078814484299
btc_etf_approval,BTC,log_amihud_illiquidity,-13,0.4441244024066361,0.140995387721705,3.1499214944764256,0.0016414160801589972
btc_etf_approval,BTC,log_amihud_illiquidity,-12,0.40396349990145125,0.15785747390676905,2.559039429074058,0.01052124960285905
btc_etf_approval,BTC,log_amihud_illiquidity,-11,0.3151547307794962,0.19928453985428582,1.581430907836268,0.1138338839352937
btc_etf_approval,BTC,log_amihud_illiquidity,-10,0.3775170192144321,0.21552935518354457,1.7515805162268452,0.07989863466353864
btc_etf_approval,BTC,log_amihud_illiquidity,-9,0.39279769691279615,0.17703753563802346,2.218725512062723,0.026543837592736264
btc_etf_approval,BTC,log_amihud_illiquidity,-8,0.3254012858976898,0.11792029648195856,2.7595019314378604,0.005807059899403555
btc_etf_approval,BTC,log_amihud_illiquidity,-7,0.3390546879968515,0.11680111125633365,2.9028378613004504,0.0037118721348612382
btc_etf_approval,BTC,log_amihud_illiquidity,-6,0.16084912324246778,0.1215036101065642,1.3238217621797062,0.18561423970721425
btc_etf_approval,BTC,log_amihud_illiquidity,-5,0.10101853639246629,0.10491253821593985,0.962883351316326,0.33564606910461947
btc_etf_approval,BTC,log_amihud_illiquidity,-4,0.1291143675697209,0.2639279188079038,0.489203143619281,0.6247163194827512
btc_etf_approval,BTC,log_amihud_illiquidity,-3,0.12292749153304615,0.22166574728804692,0.5545624122670886,0.579215314131756
btc_etf_approval,BTC,log_amihud_illiquidity,-2,0.11307824899786631,0.1381071514391134,0.818771858079475,0.41295011328578957
btc_etf_approval,BTC,log_amihud_illiquidity,0,-0.17022574788475983,0.07445265699814152,-2.2863622971710598,0.02226883146105485
btc_etf_approval,BTC,log_amihud_illiquidity,1,0.11400857927346353,0.09025677292791047,1.263158160601687,0.20658294610602623
btc_etf_approval,BTC,log_amihud_illiquidity,2,-0.2548680301196772,0.1063114467478706,-2.39737147707269,0.01654450140810071
btc_etf_approval,BTC,log_amihud_illiquidity,3,0.21617946714611458,0.17782720595819743,1.215671505275367,0.22415939098526017
btc_etf_approval,BTC,log_amihud_illiquidity,4,0.276169701283144,0.2086439820670407,1.323640866835096,0.18567433511345666
btc_etf_approval,BTC,log_amihud_illiquidity,5,0.060001322844058624,0.1306767213000658,0.45915846561745965,0.6461375222619457
btc_etf_approval,BTC,log_amihud_illiquidity,6,-0.05619529427605846,0.15856939085553387,-0.3543892927434886,0.7230599968766587
btc_etf_approval,BTC,log_amihud_illiquidity,7,0.15688104969961328,0.16312346719869222,0.9617319469339419,0.3362242244768512
btc_etf_approval,BTC,log_amihud_illiquidity,8,0.27642290565512495,0.15549740632146697,1.7776689154780057,0.07551045240298704
btc_etf_approval,BTC,log_amihud_illiquidity,9,0.07255184635968948,0.10320822250397226,0.7029657579549644,0.4821052061877753
btc_etf_approval,BTC,log_amihud_illiquidity,10,0.08071969817378004,0.3945901529646037,0.20456592129155568,0.8379184363207144
btc_etf_approval,BTC,log_amihud_illiquidity,11,0.0706246333769804,0.25260704794322103,0.2795829884875375,0.7798073950905491
btc_etf_approval,BTC,log_amihud_illiquidity,12,0.12046619366128514,0.10295788561025095,1.1700531042110969,0.24202750960782682
btc_etf_approval,BTC,log_amihud_illiquidity,13,0.028028784358342478,0.09409808375057459,0.297867748642345,0.7658147362505747
btc_etf_approval,BTC,log_amihud_illiquidity,14,-0.10986591844268734,0.09108225700181144,-1.2062274482339885,0.227778834023308
btc_etf_approval,BTC,log_amihud_illiquidity,15,-0.1879881273853738,0.1634752906255946,-1.149948268426209,0.250212428253759
btc_etf_approval,BTC,log_amihud_illiquidity,16,-0.04849374164724138,0.10244409192042449,-0.4733678705933561,0.6359685021125876
btc_etf_approval,BTC,log_amihud_illiquidity,17,-0.09983756465645582,0.2594479763656334,-0.3848076445034873,0.7003939956589544
btc_etf_approval,BTC,log_amihud_illiquidity,18,0.12916773284619784,0.15426664178728636,0.837301774056269,0.40245734262937316
btc_etf_approval,BTC,log_amihud_illiquidity,19,0.13714564012197966,0.12473350718256912,1.099509211436212,0.2715914964633541
btc_etf_approval,BTC,log_amihud_illiquidity,20,0.11788655078759674,0.08341022045929315,1.4133346026237772,0.1576108443254225
btc_etf_approval,BTC,log_amihud_illiquidity,21,0.13185949183622428,0.11893738257583754,1.108646322800548,0.2676285967979819
btc_etf_approval,BTC,log_amihud_illiquidity,22,0.1547776908070376,0.10972375048670475,1.4106124710510333,0.15841235743766147
btc_etf_approval,BTC,log_amihud_illiquidity,23,0.11746985249424134,0.1400780782105503,0.8386026849802529,0.40172674375957507
btc_etf_approval,BTC,log_amihud_illiquidity,24,-0.1085353741527456,0.2385293765280937,-0.4550188984372851,0.649112615140333
btc_etf_approval,BTC,log_amihud_illiquidity,25,0.2616549358563678,0.23992194726864863,1.090583578681045,0.2755013074142978
btc_etf_approval,BTC,log_amihud_illiquidity,26,0.1489400520244025,0.1535975921652547,0.9696769976977165,0.33224781455177577
btc_etf_approval,BTC,log_amihud_illiquidity,27,0.10467748297087578,0.15678634865070426,0.6676441148845237,0.5043872629349924
btc_etf_approval,BTC,log_amihud_illiquidity,28,0.1560165160539071,0.13482635191254014,1.1571663390782294,0.24725189731824604
btc_etf_approval,BTC,log_amihud_illiquidity,29,-0.1141562581975687,0.1316246353717019,-0.8672864154586007,0.3858208538899497
btc_etf_approval,BTC,log_amihud_illiquidity,30,0.11483059213629869,0.14237793676375712,0.8065195685960332,0.4199762840517067
btc_etf_approval,BTC,log_notional_volume,-30,-0.5263061294219806,0.08797839888143395,-5.9822199098129625,2.3321879982773908e-09
btc_etf_approval,BTC,log_notional_volume,-29,-0.6343965564415188,0.17797250411430915,-3.564576222594784,0.0003673679393854101
btc_etf_approval,BTC,log_notional_volume,-28,-0.545898149681249,0.13554005823265974,-4.027577948536762,5.707152589251585e-05
btc_etf_approval,BTC,log_notional_volume,-27,-0.5315998385472444,0.12736875650398385,-4.173706748331306,3.0405262060329008e-05
btc_etf_approval,BTC,log_notional_volume,-26,-0.6662190353998297,0.17826218401246133,-3.7372987383193847,0.00018779056828210905
btc_etf_approval,BTC,log_notional_volume,-25,-0.8142676159590845,0.2729220125249475,-2.9835175566304057,0.0028613858388553126
btc_etf_approval,BTC,log_notional_volume,-24,-0.309627606743798,0.198266444438715,-1.561674279378653,0.1184191112309152
btc_etf_approval,BTC,log_notional_volume,-23,-0.4099618274983605,0.1507106315055586,-2.720191823250638,0.006543784588918911
btc_etf_approval,BTC,log_notional_volume,-22,-0.1308110236636554,0.1618756171549205,-0.8080959069855764,0.4190684015363031
btc_etf_approval,BTC,log_notional_volume,-21,-0.2532110940813814,0.10733774282603681,-2.359012658685797,0.018356488177627472
btc_etf_approval,BTC,log_notional_volume,-20,-0.6981901581525605,0.1632379235284505,-4.277132072381905,1.9234782702159947e-05
btc_etf_approval,BTC,log_notional_volume,-19,-0.9605373759046407,0.167124226654447,-5.747445449011337,9.519860899587229e-09
btc_etf_approval,BTC,log_notional_volume,-18,-1.2630050121850227,0.2525359688087056,-5.001287611198629,5.861908767279544e-07
btc_etf_approval,BTC,log_notional_volume,-17,-1.2535953441363619,0.23623875526589058,-5.30647624995069,1.1589981752102574e-07
btc_etf_approval,BTC,log_notional_volume,-16,-1.098491864696387,0.24390550321138094,-4.503760063766901,6.80654054363572e-06
btc_etf_approval,BTC,log_notional_volume,-15,-0.7918858460675389,0.14620864053258661,-5.416135757660952,6.33431973540155e-08
btc_etf_approval,BTC,log_notional_volume,-14,-1.033627685002175,0.17554268958275696,-5.88818416454128,4.122771901649003e-09
btc_etf_approval,BTC,log_notional_volume,-13,-1.1507493720158126,0.171501068386649,-6.709867074538855,2.1324053633975382e-11
btc_etf_approval,BTC,log_notional_volume,-12,-0.7481960302604119,0.1607484053802548,-4.6544538248484235,3.320452845345656e-06
btc_etf_approval,BTC,log_notional_volume,-11,-0.7229074553900077,0.22559313007118661,-3.2044746006311984,0.0013603944663411749
btc_etf_approval,BTC,log_notional_volume,-10,-0.7250577164556595,0.2304026108642349,-3.146916233874194,0.001658351088865917
btc_etf_approval,BTC,log_notional_volume,-9,-0.41586085491464586,0.18236505926437496,-2.2803757287286683,0.022621411570242778
btc_etf_approval,BTC,log_notional_volume,-8,-0.10202936761006995,0.10088255553835057,-1.0113677936249683,0.3118824735612442
btc_etf_approval,BTC,log_notional_volume,-7,-0.5495501182438371,0.09407522989822581,-5.841602713470501,5.4499453838730005e-09
btc_etf_approval,BTC,log_notional_volume,-6,-0.18991947517681262,0.11074097182369592,-1.714988337642296,0.08640059721448612
btc_etf_approval,BTC,log_notional_volume,-5,-0.16642997396267883,0.11191964770242005,-1.4870487656036475,0.13705610301957405
btc_etf_approval,BTC,log_notional_volume,-4,-0.7237010884070905,0.23376504093024236,-3.095848230886882,0.0019718354302971086
btc_etf_approval,BTC,log_notional_volume,-3,-0.5562563874750712,0.2095405238597428,-2.654648261962945,0.007960721175295893
btc_etf_approval,BTC,log_notional_volume,-2,-0.08220381464735771,0.0492118942465919,-1.6704054153138115,0.09489294971069451
btc_etf_approval,BTC,log_notional_volume,0,-0.03264583310613298,0.07952131153061778,-0.4105293597121255,0.6814327832940252
btc_etf_approval,BTC,log_notional_volume,1,-0.15558511028837493,0.08360078417255891,-1.8610484558043672,0.06278772075489392
btc_etf_approval,BTC,log_notional_volume,2,0.035665107899297145,0.09689404885626136,0.36808357500061717,0.7128243038336222
btc_etf_approval,BTC,log_notional_volume,3,-0.2850570485169617,0.21214972908974697,-1.3436597338117378,0.17911082593468763
btc_etf_approval,BTC,log_notional_volume,4,-0.4601375973641471,0.15518387695299973,-2.9651121392173247,0.003038005919999698
btc_etf_approval,BTC,log_notional_volume,5,-0.18249622134101884,0.1790561901422641,-1.0192120205172552,0.3081446859237096
btc_etf_approval,BTC,log_notional_volume,6,-0.07410382282970468,0.1949522505003461,-0.38011268215430594,0.7038756426861239
btc_etf_approval,BTC,log_notional_volume,7,-0.2677847255627137,0.18912186328684363,-1.4159374326624579,0.15684733667499895
btc_etf_approval,BTC,log_notional_volume,8,-0.041673061216231023,0.15247908956142436,-0.2733034499097237,0.7846296610618528
btc_etf_approval,BTC,log_notional_volume,9,-0.16251476360308356,0.14039302343273008,-1.1575700816853853,0.24708702774960334
btc_etf_approval,BTC,log_notional_volume,10,-0.9053169854046691,0.27751171829318777,-3.262265791775368,0.0011116268685475994
btc_etf_approval,BTC,log_notional_volume,11,-0.7831358979571135,0.26691423982622586,-2.9340356605438997,0.0033589251050947233
btc_etf_approval,BTC,log_notional_volume,12,-0.10666822947039635,0.10391613494061475,-1.0264838038034647,0.30470625389074923
btc_etf_approval,BTC,log_notional_volume,13,-0.29950132109647,0.12008606914624953,-2.4940554989081667,0.012656813968210168
btc_etf_approval,BTC,log_notional_volume,14,-0.04467261447697856,0.13208777718219902,-0.3382039991130907,0.7352216613261473
btc_etf_approval,BTC,log_notional_volume,15,-0.060812287408586796,0.16903049147442606,-0.3597711092130828,0.7190313635268302
btc_etf_approval,BTC,log_notional_volume,16,0.34498215587687137,0.11281127110037645,3.058046882300577,0.0022379691195504314
btc_etf_approval,BTC,log_notional_volume,17,-0.4578639135710861,0.21845151914120756,-2.0959520692329074,0.03612952477074449
btc_etf_approval,BTC,log_notional_volume,18,-0.4184022775732001,0.20177533947160953,-2.0736046271505377,0.03815992824351366
btc_etf_approval,BTC,log_notional_volume,19,-0.33132931978122926,0.141389070647187,-2.343387068495603,0.01914302830521475
btc_etf_approval,BTC,log_notional_volume,20,-0.2843351538083947,0.14976005948475055,-1.8986047066664484,0.057665884435859516
btc_etf_approval,BTC,log_notional_volume,21,-0.23287087148802058,0.14727844235477577,-1.5811606081972478,0.11389565916094058
btc_etf_approval,BTC,log_notional_volume,22,-0.16044204289081188,0.15255460940358753,-1.0517023609975489,0.29297979143220765
btc_etf_approval,BTC,log_notional_volume,23,-0.20264658670549984,0.1735770411421412,-1.1674734479403515,0.2430670523627978
btc_etf_approval,BTC,log_notional_volume,24,-0.9727619855374575,0.2526940321717389,-3.849564539285746,0.0001195962842150955
btc_etf_approval,BTC,log_notional_volume,25,-0.6558848426272789,0.22145780506871968,-2.9616695714280827,0.0030721249466636458
btc_etf_approval,BTC,log_notional_volume,26,-0.13534132004923255,0.1655507665950329,-0.8175215544625165,0.4136639020647408
btc_etf_approval,BTC,log_notional_volume,27,-0.33165332115447865,0.18897872313683828,-1.7549770452958908,0.07931584606283448
btc_etf_approval,BTC,log_notional_volume,28,0.00627835224039505,0.13659456994518096,0.04596341013346812,0.963340990503136
btc_etf_approval,BTC,log_notional_volume,29,0.1001531403134171,0.14371031041323024,0.6969099156868623,0.4858870063049012
btc_etf_approval,BTC,log_notional_volume,30,0.20222570663925946,0.12133214504232658,1.6667117075092777,0.09562555176052223
btc_etf_approval,BTC,log_high_low_range_bps,-30,-0.18007234441022943,0.02357601501509906,-7.637946629016974,2.55351295663786e-14
btc_etf_approval,BTC,log_high_low_range_bps,-29,-0.1441305154947456,0.04194403300573849,-3.436257917187569,0.0005939341542595677
btc_etf_approval,BTC,log_high_low_range_bps,-28,-0.23556991848908215,0.04300208590419948,-5.478104457860193,4.479390547373896e-08
btc_etf_approval,BTC,log_high_low_range_bps,-27,-0.09825279926147355,0.03924500758053203,-2.503574475297415,0.012321748040720948
btc_etf_approval,BTC,log_high_low_range_bps,-26,-0.23062044155354386,0.05254409572831951,-4.38908384199763,1.1584196032199401e-05
btc_etf_approval,BTC,log_high_low_range_bps,-25,-0.3307675464304776,0.057338762417094215,-5.76865513811416,8.402064599621895e-09
btc_etf_approval,BTC,log_high_low_range_bps,-24,-0.15713165973488438,0.042603531109514946,-3.688230896424242,0.00022787775375254782
btc_etf_approval,BTC,log_high_low_range_bps,-23,-0.11098557856318811,0.03657762432691615,-3.034247866161112,0.0024220087570150373
btc_etf_approval,BTC,log_high_low_range_bps,-22,0.04094446378227233,0.04049959235099311,1.010984590349051,0.3120658332452708
btc_etf_approval,BTC,log_high_low_range_bps,-21,0.013528332812135098,0.030650179829517833,0.441378578767964,0.6589553441032994
btc_etf_approval,BTC,log_high_low_range_bps,-20,-0.20787648342227003,0.05141043471643598,-4.043468695972953,5.334652221145042e-05
btc_etf_approval,BTC,log_high_low_range_bps,-19,-0.4342244951171526,0.043297189989110814,-10.028930173675462,0.0
btc_etf_approval,BTC,log_high_low_range_bps,-18,-0.704358320229711,0.06452370304393418,-10.916272423951142,0.0
btc_etf_approval,BTC,log_high_low_range_bps,-17,-0.7643387867755612,0.06702626426878998,-11.403571347947956,0.0
btc_etf_approval,BTC,log_high_low_range_bps,-16,-0.46291811412681094,0.058935269034839866,-7.854687383426632,4.6629367034256575e-15
btc_etf_approval,BTC,log_high_low_range_bps,-15,-0.4492983952723218,0.04394510725301926,-10.224082346310638,0.0
btc_etf_approval,BTC,log_high_low_range_bps,-14,-0.4333020215179212,0.04548861924745535,-9.525503932330508,0.0
btc_etf_approval,BTC,log_high_low_range_bps,-13,-0.6903804205023022,0.05446381341811824,-12.675947150491602,0.0
btc_etf_approval,BTC,log_high_low_range_bps,-12,-0.29875042307936117,0.041064304947951755,-7.275185187184388,3.9168668308775523e-13
btc_etf_approval,BTC,log_high_low_range_bps,-11,-0.31463727054819923,0.05158648568366792,-6.099218940355383,1.1344454264872184e-09
btc_etf_approval,BTC,log_high_low_range_bps,-10,-0.2442842649996111,0.05059922880498415,-4.827825853653099,1.4156001664211715e-06
btc_etf_approval,BTC,log_high_low_range_bps,-9,-0.024966900659003432,0.03890599401139743,-0.6417237573133187,0.5210778332559596
btc_etf_approval,BTC,log_high_low_range_bps,-8,0.24541834838461116,0.026885218387165708,9.128374739249557,0.0
btc_etf_approval,BTC,log_high_low_range_bps,-7,-0.1867935307303166,0.03364488069359344,-5.551915384437231,2.950526001299636e-08
btc_etf_approval,BTC,log_high_low_range_bps,-6,0.018847174883263335,0.032243815216959834,0.5845206206661909,0.5588927526881582
btc_etf_approval,BTC,log_high_low_range_bps,-5,0.10332303156300082,0.03233560584690564,3.1953330966547617,0.0014041538084363925
btc_etf_approval,BTC,log_high_low_range_bps,-4,-0.48701810406889956,0.04427097262707933,-11.000844914145935,0.0
btc_etf_approval,BTC,log_high_low_range_bps,-3,-0.34951508688114524,0.04073569706229182,-8.580068885201035,0.0
btc_etf_approval,BTC,log_high_low_range_bps,-2,-0.10041350574061667,0.024522449884910258,-4.0947583219409704,4.283369058777353e-05
btc_etf_approval,BTC,log_high_low_range_bps,0,0.09252108659882985,0.0275924747377888,3.3531275276341623,0.0008041399440925634
btc_etf_approval,BTC,log_high_low_range_bps,1,-0.009124320900519423,0.03171923724024968,-0.28765890022542046,0.7736180956052778
btc_etf_approval,BTC,log_high_low_range_bps,2,-0.009354258394761079,0.03608644940121293,-0.2592180319753671,0.7954761867754212
btc_etf_approval,BTC,log_high_low_range_bps,3,-0.014656457199146647,0.04270956318302138,-0.34316570123510715,0.7314862006148024
btc_etf_approval,BTC,log_high_low_range_bps,4,-0.2281235619741159,0.03561291338757027,-6.405641669679748,1.6147483350437142e-10
btc_etf_approval,BTC,log_high_low_range_bps,5,0.020429530104259797,0.04261198900630112,0.4794315069695254,0.631649697848907
btc_etf_approval,BTC,log_high_low_range_bps,6,0.09489040454906986,0.038040124932053096,2.494481937652996,0.012641632530576707
btc_etf_approval,BTC,log_high_low_range_bps,7,-0.11534968334846438,0.04652439442550972,-2.4793376630221577,0.013190767177781337
btc_etf_approval,BTC,log_high_low_range_bps,8,0.00887316890433746,0.03953448146109866,0.22444126181517077,0.822421845943897
btc_etf_approval,BTC,log_high_low_range_bps,9,0.0678480666977344,0.04202954686734437,1.6142945083819165,0.10651777028686382
btc_etf_approval,BTC,log_high_low_range_bps,10,-0.4727739304931134,0.05284897636912006,-8.945753786999699,0.0
btc_etf_approval,BTC,log_high_low_range_bps,11,-0.49989258121943675,0.05347254940419301,-9.348583278511835,0.0
btc_etf_approval,BTC,log_high_low_range_bps,12,0.07844639531456236,0.04428723754747499,1.77130929041283,0.07656160602943451
btc_etf_approval,BTC,log_high_low_range_bps,13,-0.09570159813038301,0.04073708773749378,-2.349249871445787,0.01884452579247009
btc_etf_approval,BTC,log_high_low_range_bps,14,0.0999534995881659,0.03570015718255286,2.7998055884475073,0.005130190288943126
btc_etf_approval,BTC,log_high_low_range_bps,15,-0.13669808160606514,0.04591790862630358,-2.9770101839472525,0.0029227304341876703
btc_etf_approval,BTC,log_high_low_range_bps,16,0.2938811154343892,0.03846406033387827,7.6404080298185635,2.5091040356528538e-14
btc_etf_approval,BTC,log_high_low_range_bps,17,-0.17476060974837795,0.04497805749757681,-3.8854637010011643,0.00010326865454701739
btc_etf_approval,BTC,log_high_low_range_bps,18,0.013023100254678881,0.04099375619571824,0.3176849711576109,0.7507353092510627
btc_etf_approval,BTC,log_high_low_range_bps,19,-0.004890992486263487,0.0390966619501543,-0.12510000195155238,0.9004487024183017
btc_etf_approval,BTC,log_high_low_range_bps,20,0.019476297312164794,0.04235760087877674,0.45980643162260365,0.645672341703083
btc_etf_approval,BTC,log_high_low_range_bps,21,-0.04811790947664424,0.04574925351023182,-1.0517747456990236,0.2929465751161633
btc_etf_approval,BTC,log_high_low_range_bps,22,0.18918097552156493,0.050014865820580505,3.782494912616946,0.00015682140482642382
btc_etf_approval,BTC,log_high_low_range_bps,23,-0.008948517459274394,0.06659038272654755,-0.1343815291769887,0.8931055333667004
btc_etf_approval,BTC,log_high_low_range_bps,24,-0.48504139377765804,0.06057825847887214,-8.006856023218722,1.3322676295501878e-15
btc_etf_approval,BTC,log_high_low_range_bps,25,-0.20609649852059816,0.052353825843829964,-3.93660816948466,8.360553328179421e-05
btc_etf_approval,BTC,log_high_low_range_bps,26,0.14715470759345736,0.053749642222731674,2.737780225283491,0.006204342868665558
btc_etf_approval,BTC,log_high_low_range_bps,27,0.01512819947678196,0.057108682515376,0.264901917019515,0.7910944024952555
btc_etf_approval,BTC,log_high_low_range_bps,28,0.16245711448610695,0.05170227686275868,3.142165574590494,0.0016854499147842539
btc_etf_approval,BTC,log_high_low_range_bps,29,0.10585366116948168,0.04636392895082881,2.283103774094396,0.022460145426418388
btc_etf_approval,BTC,log_high_low_range_bps,30,0.3641440804799906,0.044163841723782876,8.245299010839759,2.220446049250313e-16
btc_etf_approval,BTC,log_rolling_notional_depth_proxy_24h,-30,-0.7053034862759254,0.11803647584396605,-5.97530111970028,2.4327275749413957e-09
btc_etf_approval,BTC,log_rolling_notional_depth_proxy_24h,-29,-0.5467222587175888,0.12160311234560103,-4.495956132798491,7.060157668714595e-06
btc_etf_approval,BTC,log_rolling_notional_depth_proxy_24h,-28,-0.6728648271789761,0.1608351957383658,-4.183567061239136,2.9119213305506264e-05
btc_etf_approval,BTC,log_rolling_notional_depth_proxy_24h,-27,-0.5233597581903975,0.1197416840205606,-4.3707399179431325,1.2598078279912883e-05
btc_etf_approval,BTC,log_rolling_notional_depth_proxy_24h,-26,-0.614481763013065,0.1352780125444723,-4.5423624390627095,5.675005774863351e-06
btc_etf_approval,BTC,log_rolling_notional_depth_proxy_24h,-25,-0.6991162815531549,0.1911729064429379,-3.6569841122430704,0.00025745382565478536
btc_etf_approval,BTC,log_rolling_notional_depth_proxy_24h,-24,-0.6336404088198728,0.22340448716224653,-2.836292219859014,0.004579828420965271
btc_etf_approval,BTC,log_rolling_notional_depth_proxy_24h,-23,-0.46006911648216736,0.1726237670065693,-2.6651551200632713,0.007716523128738384
btc_etf_approval,BTC,log_rolling_notional_depth_proxy_24h,-22,-0.23600981945702393,0.1452901661562883,-1.624403259358577,0.10434392258031489
btc_etf_approval,BTC,log_rolling_notional_depth_proxy_24h,-21,-0.24875950616181516,0.14188416506245874,-1.7532577088663057,0.07961042235456817
btc_etf_approval,BTC,log_rolling_notional_depth_proxy_24h,-20,-0.4544593593947143,0.1105443461160069,-4.111104505677729,3.991897270716471e-05
btc_etf_approval,BTC,log_rolling_notional_depth_proxy_24h,-19,-0.8743559679151759,0.1455126315207894,-6.008797715889405,1.9822838925875885e-09
btc_etf_approval,BTC,log_rolling_notional_depth_proxy_24h,-18,-1.0512757040205276,0.18604644636815204,-5.6506088911811005,1.6746271036538474e-08
btc_etf_approval,BTC,log_rolling_notional_depth_proxy_24h,-17,-1.446933634273617,0.24927008453629476,-5.804682246428722,6.789170337029304e-09
btc_etf_approval,BTC,log_rolling_notional_depth_proxy_24h,-16,-1.0716814884648822,0.2179503359503757,-4.917090326068088,9.025137506224468e-07
btc_etf_approval,BTC,log_rolling_notional_depth_proxy_24h,-15,-0.9463552799456058,0.17080733395483216,-5.54048387755913,3.148687222065405e-08
btc_etf_approval,BTC,log_rolling_notional_depth_proxy_24h,-14,-0.9889806628712939,0.14178698181293378,-6.975116122974551,3.3952840539086537e-12
btc_etf_approval,BTC,log_rolling_notional_depth_proxy_24h,-13,-1.1411051338944909,0.16317662679211511,-6.993067305823424,2.9911628729450968e-12
btc_etf_approval,BTC,log_rolling_notional_depth_proxy_24h,-12,-0.9819471500801585,0.15371037858977224,-6.388294395532095,1.8075052565791339e-10
btc_etf_approval,BTC,log_rolling_notional_depth_proxy_24h,-11,-0.7152672093150221,0.16460326941916936,-4.345400986499017,1.4138698070098599e-05
btc_etf_approval,BTC,log_rolling_notional_depth_proxy_24h,-10,-0.664911591376042,0.21592530671546792,-3.079359253856328,0.0020841318950783894
btc_etf_approval,BTC,log_rolling_notional_depth_proxy_24h,-9,-0.7376230155739703,0.2091559823085226,-3.5266646807448927,0.0004240725018924696
btc_etf_approval,BTC,log_rolling_notional_depth_proxy_24h,-8,-0.12704737417044737,0.10491113087708927,-1.2109999492741361,0.22594459581172366
btc_etf_approval,BTC,log_rolling_notional_depth_proxy_24h,-7,-0.4426565038157625,0.09427020750002586,-4.6956139755568165,2.7190704998680815e-06
btc_etf_approval,BTC,log_rolling_notional_depth_proxy_24h,-6,-0.4957049804102609,0.08903020956940844,-5.567828974094536,2.6947003961552696e-08
btc_etf_approval,BTC,log_rolling_notional_depth_proxy_24h,-5,-0.14288004184807301,0.0843708647667562,-1.6934760861236375,0.09041839553603426
btc_etf_approval,BTC,log_rolling_notional_depth_proxy_24h,-4,-0.3759825979233553,0.14977300321071385,-2.5103495948090853,0.012088076935569791
btc_etf_approval,BTC,log_rolling_notional_depth_proxy_24h,-3,-0.6172524959576032,0.2188624660825365,-2.8202757055877616,0.004814474935354696
btc_etf_approval,BTC,log_rolling_notional_depth_proxy_24h,-2,-0.3661160558726779,0.10007798178013039,-3.6583077452244055,0.00025613116730793806
btc_etf_approval,BTC,log_rolling_notional_depth_proxy_24h,0,-0.02208812584394118,0.061914149631596506,-0.35675408570368217,0.7212888448893287
btc_etf_approval,BTC,log_rolling_notional_depth_proxy_24h,1,-0.19500460081476395,0.08179230260756283,-2.3841436736460464,0.017150772332244824
btc_etf_approval,BTC,log_rolling_notional_depth_proxy_24h,2,-0.062217339038051316,0.08137080483581509,-0.7646150135001069,0.4445318264231859
btc_etf_approval,BTC,log_rolling_notional_depth_proxy_24h,3,0.05055678169648742,0.09251397791480385,0.546477222534363,0.5847588892910487
btc_etf_approval,BTC,log_rolling_notional_depth_proxy_24h,4,-0.561856080355165,0.19845858313104062,-2.831099927707213,0.004654736754325928
btc_etf_approval,BTC,log_rolling_notional_depth_proxy_24h,5,-0.30333274679731864,0.1418182647490911,-2.1388835023047528,0.03248660267900183
btc_etf_approval,BTC,log_rolling_notional_depth_proxy_24h,6,-0.2066024447949548,0.18444703495597456,-1.1201180048476707,0.2627096996738181
btc_etf_approval,BTC,log_rolling_notional_depth_proxy_24h,7,-0.1892986894826473,0.1909978032120569,-0.9911040142827029,0.3216759955275539
btc_etf_approval,BTC,log_rolling_notional_depth_proxy_24h,8,-0.22013594200109435,0.1791120868232449,-1.229040127360771,0.21910645042483834
btc_etf_approval,BTC,log_rolling_notional_depth_proxy_24h,9,-0.06550391401258797,0.1289391377089527,-0.5080219642886583,0.611457192680017
btc_etf_approval,BTC,log_rolling_notional_depth_proxy_24h,10,-0.34784432179136715,0.13849288758321668,-2.511640329416605,0.012044008223653924
btc_etf_approval,BTC,log_rolling_notional_depth_proxy_24h,11,-0.9153643803485532,0.2658409446967184,-3.4432783911178024,0.0005787574539883877
btc_etf_approval,BTC,log_rolling_notional_depth_proxy_24h,12,-0.3395491098837254,0.12851100152084216,-2.6421793143418673,0.00825948781596364
btc_etf_approval,BTC,log_rolling_notional_depth_proxy_24h,13,-0.1822221890609838,0.0955133192010104,-1.9078196693959741,0.05646369134579454
btc_etf_approval,BTC,log_rolling_notional_depth_proxy_24h,14,-0.2252086704338687,0.11545016079073271,-1.9507003618824443,0.051140628766694896
btc_etf_approval,BTC,log_rolling_notional_depth_proxy_24h,15,-0.06997281022327423,0.12902204022023128,-0.5423322255936714,0.5876104238720969
btc_etf_approval,BTC,log_rolling_notional_depth_proxy_24h,16,0.1591498083171004,0.11894563057641924,1.3380046626836881,0.18094719141074167
btc_etf_approval,BTC,log_rolling_notional_depth_proxy_24h,17,0.1544694653014313,0.11524316840737976,1.3403785008356264,0.18017464173515352
btc_etf_approval,BTC,log_rolling_notional_depth_proxy_24h,18,-0.45142730078090626,0.19411163509297255,-2.325606605522068,0.020073739558285286
btc_etf_approval,BTC,log_rolling_notional_depth_proxy_24h,19,-0.48607460593415525,0.15371516612680103,-3.162177280107728,0.001573988570832352
btc_etf_approval,BTC,log_rolling_notional_depth_proxy_24h,20,-0.3358418087452002,0.12492001360917332,-2.688454788324952,0.007198797578042537
btc_etf_approval,BTC,log_rolling_notional_depth_proxy_24h,21,-0.3588205541866171,0.14944824483112784,-2.4009686737510627,0.016382921818539398
btc_etf_approval,BTC,log_rolling_notional_depth_proxy_24h,22,-0.17135528866635374,0.13733740157565816,-1.2476957238189437,0.2121927063421989
btc_etf_approval,BTC,log_rolling_notional_depth_proxy_24h,23,-0.20592017378812008,0.1616668145323238,-1.273731868743837,0.20280932260484152
btc_etf_approval,BTC,log_rolling_notional_depth_proxy_24h,24,-0.42485304947568364,0.17179400920841106,-2.473037630551338,0.013425352390876943
btc_etf_approval,BTC,log_rolling_notional_depth_proxy_24h,25,-0.9264852742348584,0.24160076959870375,-3.834777826965288,0.00012700541881183192
btc_etf_approval,BTC,log_rolling_notional_depth_proxy_24h,26,-0.40007799988485193,0.1809869645587157,-2.210534890511735,0.027106815128252082
btc_etf_approval,BTC,log_rolling_notional_depth_proxy_24h,27,-0.24592824376597539,0.16251115876496378,-1.5133006596898115,0.1302576039865011
btc_etf_approval,BTC,log_rolling_notional_depth_proxy_24h,28,-0.26368941635579035,0.15031416942583312,-1.7542552200037136,0.07943940923730897
btc_etf_approval,BTC,log_rolling_notional_depth_proxy_24h,29,0.06929547829810223,0.12085016809545251,0.5733999330755566,0.5663960901491234
btc_etf_approval,BTC,log_rolling_notional_depth_proxy_24h,30,0.10318460251801954,0.1290456786588427,0.7995975036933091,0.42397666687204394
btc_etf_approval,BTC,log_corwin_schultz_spread,-30,0.04569145612485338,0.04998408589707707,0.9141200705147894,0.36069186115991947
btc_etf_approval,BTC,log_corwin_schultz_spread,-29,0.1271648200524401,0.04751034529421262,2.676571160764231,0.007458954462403522
btc_etf_approval,BTC,log_corwin_schultz_spread,-28,-0.10011523087754153,0.0558777267307899,-1.7916840346759444,0.07323585027262292
btc_etf_approval,BTC,log_corwin_schultz_spread,-27,-0.03238911617317073,0.05718180275236412,-0.5664234881407554,0.5711279080638687
btc_etf_approval,BTC,log_corwin_schultz_spread,-26,-0.1410189890578427,0.0731698861854426,-1.9272817877622845,0.053993440547034366
btc_etf_approval,BTC,log_corwin_schultz_spread,-25,-0.22486970332653397,0.06653539200816998,-3.37970058550075,0.0007304487508374979
btc_etf_approval,BTC,log_corwin_schultz_spread,-24,-0.07446445100050239,0.06001937384872305,-1.240673572973082,0.2147766817353609
btc_etf_approval,BTC,log_corwin_schultz_spread,-23,-0.01961420864258251,0.0593214490271333,-0.3306427770098987,0.7409263066993423
btc_etf_approval,BTC,log_corwin_schultz_spread,-22,0.21091951277097573,0.0644082054547258,3.2747304676767706,0.0010638512770146935
btc_etf_approval,BTC,log_corwin_schultz_spread,-21,0.20473428471942884,0.037835147894068305,5.41121935858817,6.511423555899398e-08
btc_etf_approval,BTC,log_corwin_schultz_spread,-20,-0.07872592422032108,0.06388510717873647,-1.2323047999287733,0.21788533738953464
btc_etf_approval,BTC,log_corwin_schultz_spread,-19,-0.30763107722563504,0.06545314775942271,-4.700019598084924,2.6616570882875834e-06
btc_etf_approval,BTC,log_corwin_schultz_spread,-18,-0.47483993224088933,0.07856032429181042,-6.044271539372825,1.5945653686344485e-09
btc_etf_approval,BTC,log_corwin_schultz_spread,-17,-0.7202474045246484,0.08192387685368195,-8.791666510253512,0.0
btc_etf_approval,BTC,log_corwin_schultz_spread,-16,-0.25610973107561597,0.07063460981135906,-3.625839114275532,0.0002905030252529084
btc_etf_approval,BTC,log_corwin_schultz_spread,-15,-0.13125187421973716,0.06026379449058938,-2.1779556917915794,0.02944959944345049
btc_etf_approval,BTC,log_corwin_schultz_spread,-14,-0.2133334593204085,0.055153623016666764,-3.8679863198822257,0.00011094297321689872
btc_etf_approval,BTC,log_corwin_schultz_spread,-13,-0.580309019177825,0.060821981607856734,-9.54110674853223,0.0
btc_etf_approval,BTC,log_corwin_schultz_spread,-12,-0.21482481220367275,0.053339529847917795,-4.027497295461423,5.7095530868522815e-05
btc_etf_approval,BTC,log_corwin_schultz_spread,-11,-0.21502733711333552,0.06246869706253458,-3.4421613900171697,0.0005811730888207745
btc_etf_approval,BTC,log_corwin_schultz_spread,-10,-0.09016477211846695,0.06239563209268224,-1.445049422442528,0.1484981764947948
btc_etf_approval,BTC,log_corwin_schultz_spread,-9,0.15714571892508708,0.05466345469443959,2.874785719334934,0.004057770775895975
btc_etf_approval,BTC,log_corwin_schultz_spread,-8,0.550126430724872,0.05286974695487789,10.405316128983591,0.0
btc_etf_approval,BTC,log_corwin_schultz_spread,-7,0.16425850808210918,0.048514452656109756,3.3857644287247872,0.0007145298882620388
btc_etf_approval,BTC,log_corwin_schultz_spread,-6,0.01924970952007443,0.040578618339486526,0.4743806050523605,0.6352464292287978
btc_etf_approval,BTC,log_corwin_schultz_spread,-5,0.18079125595876241,0.04702269216483843,3.84476616789607,0.0001219627507973442
btc_etf_approval,BTC,log_corwin_schultz_spread,-4,-0.18440191404611153,0.048798088300757506,-3.778875781149177,0.00015912204909196426
btc_etf_approval,BTC,log_corwin_schultz_spread,-3,-0.33806300589078114,0.06200335645898212,-5.452333957346718,5.177270723244476e-08
btc_etf_approval,BTC,log_corwin_schultz_spread,-2,0.017586692707431302,0.033805478179342076,0.5202320350013039,0.6029217708356627
btc_etf_approval,BTC,log_corwin_schultz_spread,0,0.4874280867237844,0.04138640793408998,11.777491960646577,0.0
btc_etf_approval,BTC,log_corwin_schultz_spread,1,0.047938126200866966,0.04679100194233893,1.0245159156869872,0.3056345025434024
btc_etf_approval,BTC,log_corwin_schultz_spread,2,-0.04280189382421722,0.06212267092588831,-0.6889899160208265,0.49085724939560116
btc_etf_approval,BTC,log_corwin_schultz_spread,3,0.10224120854037767,0.05744618443210138,1.779773705618723,0.07516549197541011
btc_etf_approval,BTC,log_corwin_schultz_spread,4,0.026326783349730307,0.05797753557911561,0.4540859332284833,0.6497840155448866
btc_etf_approval,BTC,log_corwin_schultz_spread,5,0.29952952828419355,0.03972957754038683,7.539207482881208,5.46229728115577e-14
btc_etf_approval,BTC,log_corwin_schultz_spread,6,0.3874393163962824,0.045790488584706225,8.461130867375916,0.0
btc_etf_approval,BTC,log_corwin_schultz_spread,7,0.03413513776371856,0.04578915313014379,0.7454852389756649,0.4560087239181365
btc_etf_approval,BTC,log_corwin_schultz_spread,8,0.14601446513890393,0.04657710384315951,3.1348979024239645,0.0017277489807536739
btc_etf_approval,BTC,log_corwin_schultz_spread,9,0.08732462898421141,0.05504494974410021,1.5864239933032362,0.1126978247150281
btc_etf_approval,BTC,log_corwin_schultz_spread,10,-0.1473006936016957,0.05010295244564873,-2.939960349871323,0.003295537671897719
btc_etf_approval,BTC,log_corwin_schultz_spread,11,-0.20222936747936326,0.06994839871374398,-2.8911221871849335,0.0038529869416046303
btc_etf_approval,BTC,log_corwin_schultz_spread,12,0.4280062988608608,0.040191850353842415,10.649081719123753,0.0
btc_etf_approval,BTC,log_corwin_schultz_spread,13,0.2772956669622885,0.048175310709422735,5.755970493575904,9.056992267275632e-09
btc_etf_approval,BTC,log_corwin_schultz_spread,14,0.26415013728000686,0.03328952068743696,7.93493363152248,2.4424906541753444e-15
btc_etf_approval,BTC,log_corwin_schultz_spread,15,0.050657788081171266,0.04315114693310271,1.1739615672256896,0.24045875506024306
btc_etf_approval,BTC,log_corwin_schultz_spread,16,0.34328326727322794,0.051919626324806616,6.6118208387260875,4.136802012055796e-11
btc_etf_approval,BTC,log_corwin_schultz_spread,17,0.04497299759434756,0.04817789971903986,0.9334777534225775,0.35061231715077534
btc_etf_approval,BTC,log_corwin_schultz_spread,18,-0.1324012772721729,0.06662567949605834,-1.9872409298280542,0.04694279344549823
btc_etf_approval,BTC,log_corwin_schultz_spread,19,-0.0998319881241038,0.04886663178075584,-2.042948009431225,0.041102818008779574
btc_etf_approval,BTC,log_corwin_schultz_spread,20,0.11314006466791685,0.05423276409200166,2.086193956037047,0.037004761631533656
btc_etf_approval,BTC,log_corwin_schultz_spread,21,0.2371730256622111,0.04648384049328949,5.102268296795526,3.4631795253758924e-07
btc_etf_approval,BTC,log_corwin_schultz_spread,22,0.35492068371551744,0.06257266380233915,5.672136395482166,1.4786057267457409e-08
btc_etf_approval,BTC,log_corwin_schultz_spread,23,0.21575797546744238,0.06812303361706185,3.1671809667237785,0.0015472502061195659
btc_etf_approval,BTC,log_corwin_schultz_spread,24,-0.3829708120278361,0.06582574171335716,-5.817949058523481,6.27671337127822e-09
btc_etf_approval,BTC,log_corwin_schultz_spread,25,-0.19144475917543158,0.073122248069631,-2.618146518049164,0.008863926404346856
btc_etf_approval,BTC,log_corwin_schultz_spread,26,0.13906835725599315,0.07508956024113114,1.8520331829006624,0.0640719793426201
btc_etf_approval,BTC,log_corwin_schultz_spread,27,-0.071886823048832,0.07283306608704196,-0.9870080570673886,0.3236799745251422
btc_etf_approval,BTC,log_corwin_schultz_spread,28,0.46556857807527774,0.05788072989655855,8.043585125953282,1.1102230246251565e-15
btc_etf_approval,BTC,log_corwin_schultz_spread,29,0.23862998154322898,0.05654748148968914,4.219993097070835,2.4804844345638344e-05
btc_etf_approval,BTC,log_corwin_schultz_spread,30,0.19092875449046315,0.07394323262638272,2.5820991010114476,0.009844500127272005
btc_etf_launch,BTC,log_dispersion_bps,-30,-0.4194872887051587,0.25168130808416195,-1.666739941469482,0.09561993476729724
btc_etf_launch,BTC,log_dispersion_bps,-29,-0.34826010465387497,0.20900596631157217,-1.6662687233277924,0.09571371566347531
btc_etf_launch,BTC,log_dispersion_bps,-28,-0.5002715603521486,0.1804271149485092,-2.7727071981110907,0.005576900217874492
btc_etf_launch,BTC,log_dispersion_bps,-27,-0.38069419873085386,0.29619068826879275,-1.2853010368285929,0.19873825128578027
btc_etf_launch,BTC,log_dispersion_bps,-26,-0.347457226084153,0.3201979524031723,-1.0851325671397725,0.27790789069030075
btc_etf_launch,BTC,log_dispersion_bps,-25,-0.1366101599592825,0.294917491573453,-0.4632148443635395,0.6432276973870219
btc_etf_launch,BTC,log_dispersion_bps,-24,-0.316507042308807,0.2250928483821176,-1.406117718016099,0.15974255797219827
btc_etf_launch,BTC,log_dispersion_bps,-23,-0.39755212757543784,0.22947791502449177,-1.732419991409665,0.08325178837906622
btc_etf_launch,BTC,log_dispersion_bps,-22,-0.23346771150049575,0.19769497690647195,-1.1809491326173027,0.2376711889871026
btc_etf_launch,BTC,log_dispersion_bps,-21,-0.26335111481717033,0.18997863088862274,-1.3862144051957248,0.16573454729104808
btc_etf_launch,BTC,log_dispersion_bps,-20,-0.305906129688649,0.17365954308915377,-1.7615278967514163,0.07820159392384274
btc_etf_launch,BTC,log_dispersion_bps,-19,-0.3613585242918698,0.20824071801584926,-1.73529234692884,0.08274196958330982
btc_etf_launch,BTC,log_dispersion_bps,-18,-0.6018964491940859,0.24147597065593357,-2.492572853353167,0.01270972261505876
btc_etf_launch,BTC,log_dispersion_bps,-17,-0.2548154460747152,0.20778901658967414,-1.2263181676147263,0.2201285797393684
btc_etf_launch,BTC,log_dispersion_bps,-16,-0.15986145358808607,0.2106116183040171,-0.7590343537331671,0.4478627457520479
btc_etf_launch,BTC,log_dispersion_bps,-15,-0.3760128924362862,0.24005987398737214,-1.5663296251503724,0.11732583492021864
btc_etf_launch,BTC,log_dispersion_bps,-14,-0.4938412322047741,0.24691867716794108,-2.0000157050448206,0.04554495532734748
btc_etf_launch,BTC,log_dispersion_bps,-13,-0.32839990148530135,0.2521113659071412,-1.3025985572037202,0.1927633905045858
btc_etf_launch,BTC,log_dispersion_bps,-12,-0.05784476363393941,0.2604378759942296,-0.22210580320974915,0.8242393134313564
btc_etf_launch,BTC,log_dispersion_bps,-11,-0.17246982596564783,0.24687306170711895,-0.6986174383427044,0.48481905676520354
btc_etf_launch,BTC,log_dispersion_bps,-10,-0.0740458560787407,0.22019966064352264,-0.33626689460985243,0.7366817348590211
btc_etf_launch,BTC,log_dispersion_bps,-9,0.06554177978856068,0.06982866500916775,0.9386085181487539,0.34797072757918857
btc_etf_launch,BTC,log_dispersion_bps,-8,-0.4620121776636037,0.1689931335469665,-2.7339109463592584,0.0062776259265411305
btc_etf_launch,BTC,log_dispersion_bps,-7,-0.5500604762561674,0.141094123077167,-3.8985357026906717,9.78643136264612e-05
btc_etf_launch,BTC,log_dispersion_bps,-6,-0.5333703900325117,0.1066409139848912,-5.001554938924091,5.853819562418039e-07
btc_etf_launch,BTC,log_dispersion_bps,-5,-0.7420452511471837,0.08361758146957525,-8.874273066809295,0.0
btc_etf_launch,BTC,log_dispersion_bps,-4,-0.37671146833034314,0.15325993709401964,-2.4579904929704086,0.014000623250268074
btc_etf_launch,BTC,log_dispersion_bps,-3,-0.0912430326890703,0.06576206222420192,-1.3874721929795386,0.16535094666582584
btc_etf_launch,BTC,log_dispersion_bps,-2,-0.20457192382676231,0.027932546110805364,-7.323783625568819,2.737809978725636e-13
btc_etf_launch,BTC,log_dispersion_bps,0,0.06079793221758203,0.0822824743261096,0.7388928531320287,0.46000185917872094
btc_etf_launch,BTC,log_dispersion_bps,1,-0.005982613282456367,0.10099464291338016,-0.05923693683027783,0.9527654237074286
btc_etf_launch,BTC,log_dispersion_bps,2,0.04255042784626328,0.11104145626838459,0.3831940725220669,0.7015898679615227
btc_etf_launch,BTC,log_dispersion_bps,3,-0.1450481462760125,0.1406870497193147,-1.0309985642985524,0.3025843349031403
btc_etf_launch,BTC,log_dispersion_bps,4,-0.06169612965420095,0.1586377913584628,-0.3889119302902453,0.6973555238517091
btc_etf_launch,BTC,log_dispersion_bps,5,0.1915614731430056,0.1758331023238353,1.089450567676404,0.2760003491012688
btc_etf_launch,BTC,log_dispersion_bps,6,0.31243307764482575,0.22445461482943305,1.3919654888015962,0.16398603732410488
btc_etf_launch,BTC,log_dispersion_bps,7,0.3993989381713813,0.29246188452070865,1.3656444114962976,0.17210337409687915
btc_etf_launch,BTC,log_dispersion_bps,8,0.5009519722930053,0.3476823811791691,1.4408322060899963,0.1496858874953435
btc_etf_launch,BTC,log_dispersion_bps,9,0.5490047179358135,0.405930277761334,1.35246062689268,0.1762805502026854
btc_etf_launch,BTC,log_dispersion_bps,10,0.7398612394355992,0.3628951828625606,2.038773933562538,0.04151769098741709
btc_etf_launch,BTC,log_dispersion_bps,11,0.5324417296400942,0.3097239831314241,1.7190845999619122,0.08565214290069556
btc_etf_launch,BTC,log_dispersion_bps,12,0.5852165978585615,0.26070188751391815,2.2447731523513363,0.024820108493394777
btc_etf_launch,BTC,log_dispersion_bps,13,0.6932083048651687,0.17984439770219313,3.85448929030896,0.0001172205151156458
btc_etf_launch,BTC,log_dispersion_bps,14,0.570106967948038,0.17037220976309228,3.3462439017536307,0.000824332770508418
btc_etf_launch,BTC,log_dispersion_bps,15,0.42051007887865927,0.17724308243737638,2.3725048847942154,0.017700248375873473
btc_etf_launch,BTC,log_dispersion_bps,16,-0.12936620610622615,0.15203817316538373,-0.8508797719208615,0.39487114765360243
btc_etf_launch,BTC,log_dispersion_bps,17,-0.12368024083559896,0.14963108775127457,-0.8265678121727444,0.4085159520570536
btc_etf_launch,BTC,log_dispersion_bps,18,-0.061151563040385284,0.13450323654672036,-0.45464752083600596,0.64937979777977
btc_etf_launch,BTC,log_dispersion_bps,19,0.05681928604960007,0.0934452086628829,0.6080492179602687,0.5431785576069754
btc_etf_launch,BTC,log_dispersion_bps,20,0.1794184391181531,0.15664620387142664,1.1453736808420691,0.2521014914216768
btc_etf_launch,BTC,log_dispersion_bps,21,0.3282635763001979,0.17509369816211592,1.874788069164345,0.060871926764437756
btc_etf_launch,BTC,log_dispersion_bps,22,0.30648984004227675,0.1671127662006495,1.8340300804684158,0.0667005578641815
btc_etf_launch,BTC,log_dispersion_bps,23,0.034170585985272776,0.18697793151284037,0.18275197350188985,0.8549989988458195
btc_etf_launch,BTC,log_dispersion_bps,24,-0.09252781851116026,0.17241966350050422,-0.5366430755787299,0.5915346955070391
btc_etf_launch,BTC,log_dispersion_bps,25,0.3389008699257323,0.23570359106663136,1.437826502312084,0.15053705163462783
btc_etf_launch,BTC,log_dispersion_bps,26,0.4147273871245512,0.23492856787807673,1.7653339943730748,0.07756008027191297
btc_etf_launch,BTC,log_dispersion_bps,27,0.375907729817349,0.21483802761754373,1.7497262192638576,0.0802182676416221
btc_etf_launch,BTC,log_dispersion_bps,28,0.9801249206136405,0.19834928681952282,4.941408846634533,7.973057538634976e-07
btc_etf_launch,BTC,log_dispersion_bps,29,1.1997148196358935,0.32245676921987215,3.7205446873960626,0.00020066678067731658
btc_etf_launch,BTC,log_dispersion_bps,30,1.0440923642310478,0.2886290125484485,3.617420005744534,0.00030007662134901025
btc_etf_launch,BTC,log_amihud_illiquidity,-30,0.6704101894919378,0.17638695692981277,3.800792310049914,0.00014570729994622944
btc_etf_launch,BTC,log_amihud_illiquidity,-29,0.45708392600548664,0.17186082320645535,2.659616761269638,0.007844394571449254
btc_etf_launch,BTC,log_amihud_illiquidity,-28,0.5194194697527149,0.1528540718073701,3.398139569401188,0.0006830096633432259
btc_etf_launch,BTC,log_amihud_illiquidity,-27,1.0843339344626577,0.7652467785295802,1.4169728836313464,0.15654438115506597
btc_etf_launch,BTC,log_amihud_illiquidity,-26,0.7904236907545517,0.6657926053124048,1.1871920541737875,0.23520032713062355
btc_etf_launch,BTC,log_amihud_illiquidity,-25,0.2502460771887292,0.26883397462386915,0.9308573350479729,0.35196597606509883
btc_etf_launch,BTC,log_amihud_illiquidity,-24,0.39877320784649545,0.17221323806868694,2.315578130453859,0.02061590755426046
btc_etf_launch,BTC,log_amihud_illiquidity,-23,0.16871751817873626,0.16236027881087553,1.0391551395108525,0.2987757584358295
btc_etf_launch,BTC,log_amihud_illiquidity,-22,0.2834058289205361,0.11637231067544597,2.4353373003904224,0.014907739225254346
btc_etf_launch,BTC,log_amihud_illiquidity,-21,0.6410573720417598,0.17049831160019227,3.7599045176763903,0.0001716447882702532
btc_etf_launch,BTC,log_amihud_illiquidity,-20,0.5558150463532521,0.1769171976668367,3.1416677049109745,0.0016883133382659121
btc_etf_launch,BTC,log_amihud_illiquidity,-19,0.5509552037290831,0.273762084401858,2.0125329076627376,0.04420976882454797
btc_etf_launch,BTC,log_amihud_illiquidity,-18,0.664290445702179,0.2745919877115974,2.419190928469042,0.015585536330764871
btc_etf_launch,BTC,log_amihud_illiquidity,-17,0.6602983988471902,0.26137644917964004,2.526235247741763,0.011555526894358792
btc_etf_launch,BTC,log_amihud_illiquidity,-16,0.562760563415189,0.17204811296723432,3.270948769559384,0.001078114202930136
btc_etf_launch,BTC,log_amihud_illiquidity,-15,0.5502119776785181,0.1659737174571194,3.315054853914866,0.0009218579195791055
btc_etf_launch,BTC,log_amihud_illiquidity,-14,0.6143501502913591,0.168019724344069,3.6564168444491636,0.00025802263453678087
btc_etf_launch,BTC,log_amihud_illiquidity,-13,0.57418924778624,0.19297145702180968,2.975513874683265,0.0029370047548542555
btc_etf_launch,BTC,log_amihud_illiquidity,-12,0.4853804786643277,0.23612061577208418,2.055646335993135,0.03986113231559241
btc_etf_launch,BTC,log_amihud_illiquidity,-11,0.5477427670991991,0.2597208897923435,2.1089669280631984,0.03499004386224258
btc_etf_launch,BTC,log_amihud_illiquidity,-10,0.5630234447975901,0.21646686542019491,2.6009682530611626,0.009319626613686571
btc_etf_launch,BTC,log_amihud_illiquidity,-9,0.49562703378243256,0.13706964071828898,3.615877529007792,0.0003018652571169511
btc_etf_launch,BTC,log_amihud_illiquidity,-8,0.5092804358815983,0.12659631201228094,4.0228694484575005,5.822175034042587e-05
btc_etf_launch,BTC,log_amihud_illiquidity,-7,0.33107487112724326,0.15326912898569303,2.160088423012749,0.03080652257463412
btc_etf_launch,BTC,log_amihud_illiquidity,-6,0.2712442842772853,0.11743234787439277,2.309791886026258,0.020934503373758462
btc_etf_launch,BTC,log_amihud_illiquidity,-5,0.29934011545450556,0.3077890328958107,0.972549647523779,0.3308175960880899
btc_etf_launch,BTC,log_amihud_illiquidity,-4,0.2931532394177976,0.27300549715421285,1.0737997676735567,0.2829569518838886
btc_etf_launch,BTC,log_amihud_illiquidity,-3,0.28330399688266555,0.15997223413993877,1.7709573064713215,0.07662013066538997
btc_etf_launch,BTC,log_amihud_illiquidity,-2,0.17022574788480488,0.07445265699697898,2.2863622972073654,0.022268831458931215
btc_etf_launch,BTC,log_amihud_illiquidity,0,0.2842343271582164,0.06411456707969933,4.4332253979800145,9.453970648110044e-06
btc_etf_launch,BTC,log_amihud_illiquidity,1,-0.08464228223487734,0.09477185780634909,-0.8931162076386654,0.371831871449108
btc_etf_launch,BTC,log_amihud_illiquidity,2,0.3864052150309082,0.21350476369215893,1.809820110562241,0.07037524993553412
btc_etf_launch,BTC,log_amihud_illiquidity,3,0.44639544916792384,0.2515627308264001,1.7744895982862223,0.07603446510144951
btc_etf_launch,BTC,log_amihud_illiquidity,4,0.23022707072891788,0.14309600304266487,1.6088993810698848,0.10769258220465416
btc_etf_launch,BTC,log_amihud_illiquidity,5,0.11403045360872353,0.17711468093988078,0.6438227085615204,0.5197157756214399
btc_etf_launch,BTC,log_amihud_illiquidity,6,0.3271067975844447,0.19128206462168815,1.7100756321894925,0.08730518762879447
btc_etf_launch,BTC,log_amihud_illiquidity,7,0.44664865353999644,0.17481253854734546,2.5550149734770202,0.010643539432609428
btc_etf_launch,BTC,log_amihud_illiquidity,8,0.24277759424447354,0.12071446116289314,2.0111724138574196,0.044353270851111626
btc_etf_launch,BTC,log_amihud_illiquidity,9,0.25094544605856184,0.4061722900727571,0.6178300494443142,0.5367115468004209
btc_etf_launch,BTC,log_amihud_illiquidity,10,0.24085038126174882,0.2840782017292727,0.8478312654600648,0.39656681326026355
btc_etf_launch,BTC,log_amihud_illiquidity,11,0.29069194154606615,0.0908226481176728,3.2006547658623226,0.0013785242567045941
btc_etf_launch,BTC,log_amihud_illiquidity,12,0.1982545322431316,0.09254777044452396,2.142185935878073,0.03221989702289263
btc_etf_launch,BTC,log_amihud_illiquidity,13,0.06035982944206935,0.11015711231088583,0.5479430985057198,0.5837519883153681
btc_etf_launch,BTC,log_amihud_illiquidity,14,-0.017762379500575992,0.18670688424718526,-0.09513510748248573,0.9242107879762176
btc_etf_launch,BTC,log_amihud_illiquidity,15,0.12173200623751879,0.13060190050217332,0.9320844931769815,0.3513315246182558
btc_etf_launch,BTC,log_amihud_illiquidity,16,0.07038818322831915,0.3062982724018964,0.22980274317695876,0.8182531288090318
btc_etf_launch,BTC,log_amihud_illiquidity,17,0.2993934807309376,0.19630930332589455,1.525111014397072,0.12728574617522015
btc_etf_launch,BTC,log_amihud_illiquidity,18,0.3073713880067681,0.15457018201880104,1.9885555156387225,0.04679704169302901
btc_etf_launch,BTC,log_amihud_illiquidity,19,0.2881122986724178,0.12834486432107373,2.244829196684194,0.024816506814944406
btc_etf_launch,BTC,log_amihud_illiquidity,20,0.3020852397209566,0.1565544485207414,1.9295857931557547,0.05370673014994387
btc_etf_launch,BTC,log_amihud_illiquidity,21,0.3250034386918685,0.1424056260361329,2.28223735071678,0.022511254659045354
btc_etf_launch,BTC,log_amihud_illiquidity,22,0.28769560037904285,0.17801411936676015,1.6161392220035502,0.10611841530963839
btc_etf_launch,BTC,log_amihud_illiquidity,23,0.06169037373207326,0.2858062474564627,0.2158468342840219,0.8291147042356863
btc_etf_launch,BTC,log_amihud_illiquidity,24,0.43188068374118477,0.2826175600376056,1.528145256380099,0.12653082038118613
btc_etf_launch,BTC,log_amihud_illiquidity,25,0.31916579990925664,0.1879450492653316,1.6981867900051681,0.089525967344946
btc_etf_launch,BTC,log_amihud_illiquidity,26,0.2749032308556374,0.18575891426120114,1.4798925367806994,0.13895605338718897
btc_etf_launch,BTC,log_amihud_illiquidity,27,0.32624226393876077,0.16508457555337314,1.9762128766129583,0.048177818396066385
btc_etf_launch,BTC,log_amihud_illiquidity,28,0.0560694896872063,0.14363942411140132,0.390348889478427,0.6962928621025166
btc_etf_launch,BTC,log_amihud_illiquidity,29,0.2850563400210499,0.14210235465173518,2.005993079563437,0.04490317881508843
btc_etf_launch,BTC,log_amihud_illiquidity,30,0.3222931283738767,0.18490275806151257,1.7430412166521483,0.08137922564796041
btc_etf_launch,BTC,log_notional_volume,-30,-0.6017507233351651,0.20950321818213286,-2.87227436674519,0.004090021674187483
btc_etf_launch,BTC,log_notional_volume,-29,-0.5132523165751434,0.1685639765194093,-3.0448517362548393,0.0023383608365465935
btc_etf_launch,BTC,log_notional_volume,-28,-0.498954005441073,0.16101041156357673,-3.0988928019978106,0.0019517185762425449
btc_etf_launch,BTC,log_notional_volume,-27,-0.6335732022936522,0.2246811718397167,-2.81987670397959,0.004820456892901115
btc_etf_launch,BTC,log_notional_volume,-26,-0.7816217828529273,0.32007875506248634,-2.441967079946739,0.014637043111814352
btc_etf_launch,BTC,log_notional_volume,-25,-0.27698177363761317,0.2470692449418117,-1.1210694139727764,0.26230457105182525
btc_etf_launch,BTC,log_notional_volume,-24,-0.3773159943922022,0.1855145981013404,-2.0338884284787504,0.04200810824313561
btc_etf_launch,BTC,log_notional_volume,-23,-0.09816519055746985,0.19440271384808838,-0.5049579227282743,0.6136075090368989
btc_etf_launch,BTC,log_notional_volume,-22,-0.22056526097521312,0.14444814962068112,-1.5269511001311855,0.12682751179719998
btc_etf_launch,BTC,log_notional_volume,-21,-0.6655443250463347,0.18890072800231836,-3.523249127119121,0.0004295637829494492
btc_etf_launch,BTC,log_notional_volume,-20,-0.9278915427985049,0.20027458698700681,-4.633096773574691,3.6808472814175985e-06
btc_etf_launch,BTC,log_notional_volume,-19,-1.2303591790788198,0.2999708805101649,-4.101595384813118,4.159080524490655e-05
btc_etf_launch,BTC,log_notional_volume,-18,-1.2209495110300896,0.28232822774463745,-4.32457470081392,1.5537927533282314e-05
btc_etf_launch,BTC,log_notional_volume,-17,-1.0658460315903477,0.28814071661926427,-3.699046924349491,0.00021840576049680926
btc_etf_launch,BTC,log_notional_volume,-16,-0.7592400129613617,0.18129605861067255,-4.187846215630121,2.857734107886145e-05
btc_etf_launch,BTC,log_notional_volume,-15,-1.0009818518960227,0.20941609771760264,-4.779870615514217,1.797210823273332e-06
btc_etf_launch,BTC,log_notional_volume,-14,-1.1181035389095164,0.20008635574868208,-5.5881048696489195,2.399780929529527e-08
btc_etf_launch,BTC,log_notional_volume,-13,-0.7155501971542342,0.19586396263053454,-3.653301952764037,0.00026116705156375986
btc_etf_launch,BTC,log_notional_volume,-12,-0.6902616222839209,0.26274597415186574,-2.627106369610647,0.00863402051595874
btc_etf_launch,BTC,log_notional_volume,-11,-0.6924118833494841,0.27433064413332586,-2.524004875711111,0.011629018593784624
btc_etf_launch,BTC,log_notional_volume,-10,-0.3832150218084848,0.23436195154250378,-1.6351417936498327,0.10207340494924888
btc_etf_launch,BTC,log_notional_volume,-9,-0.0693835345038963,0.13281207438893322,-0.522418875114549,0.6013986007487753
btc_etf_launch,BTC,log_notional_volume,-8,-0.5169042851376179,0.10552622651257075,-4.898348990770005,9.925914572495032e-07
btc_etf_launch,BTC,log_notional_volume,-7,-0.15727364207062253,0.14821889490392737,-1.06109037024304,0.2886928635452206
btc_etf_launch,BTC,log_notional_volume,-6,-0.133784140856535,0.13647363382954256,-0.9802929481868508,0.32698228143057806
btc_etf_launch,BTC,log_notional_volume,-5,-0.6910552553009753,0.27835830435218284,-2.4826105221083776,0.013070337166857238
btc_etf_launch,BTC,log_notional_volume,-4,-0.5236105543688556,0.2614771651403894,-2.002509680291679,0.04527624922202045
btc_etf_launch,BTC,log_notional_volume,-3,-0.04955798154121006,0.08249501983698541,-0.6007390705419465,0.5480371848054801
btc_etf_launch,BTC,log_notional_volume,-2,0.03264583310612696,0.07952131152951163,0.41052935971776033,0.6814327832898928
btc_etf_launch,BTC,log_notional_volume,0,-0.12293927718217176,0.06611727137859873,-1.8594124442643827,0.0630191260848263
btc_etf_launch,BTC,log_notional_volume,1,0.06831094100547842,0.08532589446370592,0.8005886306241425,0.4234025135697783
btc_etf_launch,BTC,log_notional_volume,2,-0.2524112154107666,0.24606564555715868,-1.0257881177977521,0.3050340998209302
btc_etf_launch,BTC,log_notional_volume,3,-0.4274917642579108,0.20381274393154125,-2.097473180585318,0.03599473546949006
btc_etf_launch,BTC,log_notional_volume,4,-0.1498503882349125,0.21394849116280104,-0.7004040431436649,0.48370300941230004
btc_etf_launch,BTC,log_notional_volume,5,-0.04145798972350449,0.20700491245420297,-0.2002753907237661,0.8412722055222006
btc_etf_launch,BTC,log_notional_volume,6,-0.23513889245654732,0.19690417789416234,-1.1941792955908557,0.2324565081821024
btc_etf_launch,BTC,log_notional_volume,7,-0.009027228110078748,0.15229776130081532,-0.05927354435793943,0.9527362676208746
btc_etf_launch,BTC,log_notional_volume,8,-0.12986893049690443,0.15179234479558565,-0.855569697350648,0.39227105748030966
btc_etf_launch,BTC,log_notional_volume,9,-0.8726711522984503,0.3186305924246958,-2.7388178443810123,0.006184822108772359
btc_etf_launch,BTC,log_notional_volume,10,-0.7504900648509277,0.3098868087361406,-2.421819979726687,0.015473357702117108
btc_etf_launch,BTC,log_notional_volume,11,-0.0740223963642216,0.09633748108042477,-0.7683654952782706,0.4423012490664018
btc_etf_launch,BTC,log_notional_volume,12,-0.26685548799030534,0.12190593766875643,-2.1890278118807203,0.028634406867966256
btc_etf_launch,BTC,log_notional_volume,13,-0.012026781370808074,0.15522424744105628,-0.07748004302855477,0.9382443302800616
btc_etf_launch,BTC,log_notional_volume,14,-0.028166454302411496,0.1884911922303818,-0.1494311430105725,0.88121861666118
btc_etf_launch,BTC,log_notional_volume,15,0.37762798898318756,0.1383986802363326,2.7285519510615406,0.006380411025030508
btc_etf_launch,BTC,log_notional_volume,16,-0.42521808046485393,0.2751851213360238,-1.545207380400583,0.12235047939210952
btc_etf_launch,BTC,log_notional_volume,17,-0.3857564444669558,0.2502462840630792,-1.5415071832583886,0.12324776217397426
btc_etf_launch,BTC,log_notional_volume,18,-0.29868348667504196,0.1660497963592202,-1.7987585243940412,0.07210867817155164
btc_etf_launch,BTC,log_notional_volume,19,-0.2516893207022691,0.17239288073760609,-1.4599751429721608,0.14435087990860063
btc_etf_launch,BTC,log_notional_volume,20,-0.2002250383817799,0.17749039617855528,-1.1280894216966737,0.2593286571764999
btc_etf_launch,BTC,log_notional_volume,21,-0.12779620978463763,0.18084429162483096,-0.7066643278393117,0.47980339235679437
btc_etf_launch,BTC,log_notional_volume,22,-0.1700007535993066,0.19542765500820014,-0.8698909762396391,0.3843958619563008
btc_etf_launch,BTC,log_notional_volume,23,-0.9401161524312772,0.2965034739756767,-3.1706750002814417,0.001528744516911873
btc_etf_launch,BTC,log_notional_volume,24,-0.6232390095210838,0.2622125929178866,-2.376846216978811,0.017493511940569473
btc_etf_launch,BTC,log_notional_volume,25,-0.10269548694308235,0.190100562771744,-0.5402166382136914,0.5890683100562422
btc_etf_launch,BTC,log_notional_volume,26,-0.29900748804822125,0.20091026020712116,-1.48826390319723,0.13673548901538402
btc_etf_launch,BTC,log_notional_volume,27,0.03892418534657991,0.1505251839596848,0.25858918968008027,0.795961369258289
btc_etf_launch,BTC,log_notional_volume,28,0.13279897341961286,0.1544451723842375,0.8598454154930011,0.3899096767865582
btc_etf_launch,BTC,log_notional_volume,29,0.23487153974541072,0.11604078954310995,2.0240429306813215,0.04301132918649553
btc_etf_launch,BTC,log_notional_volume,30,-0.32326094125766536,0.24753005947760656,-1.3059462028162685,0.19162246674104022
btc_etf_launch,BTC,log_high_low_range_bps,-30,-0.2366516020934557,0.04229671431983216,-5.595035120316522,2.3063580156801322e-08
btc_etf_launch,BTC,log_high_low_range_bps,-29,-0.328091005087892,0.03856523073846701,-8.507430107520053,0.0
btc_etf_launch,BTC,log_high_low_range_bps,-28,-0.1907738858602446,0.03306794499464152,-5.769148518033355,8.377644800106054e-09
btc_etf_launch,BTC,log_high_low_range_bps,-27,-0.32314152815231245,0.054331772175092045,-5.947560979806472,2.879954053014444e-09
btc_etf_launch,BTC,log_high_low_range_bps,-26,-0.4232886330292564,0.05614162851890226,-7.539657188368517,5.440092820663267e-14
btc_etf_launch,BTC,log_high_low_range_bps,-25,-0.24965274633364765,0.04060328514095898,-6.14858491048075,8.33717095360953e-10
btc_etf_launch,BTC,log_high_low_range_bps,-24,-0.20350666516196547,0.031023669978069632,-6.559722473383149,5.856115592450806e-11
btc_etf_launch,BTC,log_high_low_range_bps,-23,-0.05157662281649824,0.03067448732762246,-1.681417598463116,0.09273548265848963
btc_etf_launch,BTC,log_high_low_range_bps,-22,-0.07899275378663011,0.02732992491197494,-2.8903392175811824,0.0038624947089540562
btc_etf_launch,BTC,log_high_low_range_bps,-21,-0.3003975700210206,0.048428670012285804,-6.202887049031351,5.925269164208657e-10
btc_etf_launch,BTC,log_high_low_range_bps,-20,-0.5267455817159449,0.03598694035750288,-14.637131595048874,0.0
btc_etf_launch,BTC,log_high_low_range_bps,-19,-0.7968794068284679,0.05864448482897475,-13.588309440391743,0.0
btc_etf_launch,BTC,log_high_low_range_bps,-18,-0.8568598733742765,0.062107888606934156,-13.796313038382868,0.0
btc_etf_launch,BTC,log_high_low_range_bps,-17,-0.5554392007256519,0.05265427607537811,-10.548795693829378,0.0
btc_etf_launch,BTC,log_high_low_range_bps,-16,-0.5418194818710917,0.04205824397175006,-12.882598765536299,0.0
btc_etf_launch,BTC,log_high_low_range_bps,-15,-0.5258231081167026,0.04028776180242855,-13.051683305102491,0.0
btc_etf_launch,BTC,log_high_low_range_bps,-14,-0.7829015071009994,0.046671669494627144,-16.77466256464486,0.0
btc_etf_launch,BTC,log_high_low_range_bps,-13,-0.391271509678141,0.03623012232825132,-10.799618784975438,0.0
btc_etf_launch,BTC,log_high_low_range_bps,-12,-0.407158357147018,0.05012972362674427,-8.12209459159672,6.661338147750939e-16
btc_etf_launch,BTC,log_high_low_range_bps,-11,-0.3368053515983831,0.04613274868405016,-7.3007865606505575,3.2440716779547074e-13
btc_etf_launch,BTC,log_high_low_range_bps,-10,-0.11748798725776771,0.039610897984675014,-2.9660521027122995,0.0030287502858090676
btc_etf_launch,BTC,log_high_low_range_bps,-9,0.15289726178582974,0.0213518702891311,7.160836953175955,9.01057006785777e-13
btc_etf_launch,BTC,log_high_low_range_bps,-8,-0.27931461732907126,0.03172107103557639,-8.805333748529778,0.0
btc_etf_launch,BTC,log_high_low_range_bps,-7,-0.07367391171551732,0.027520102105365422,-2.67709441750776,0.007447200186412095
btc_etf_launch,BTC,log_high_low_range_bps,-6,0.010801944964219757,0.02407985178869361,0.44858851537000216,0.6537452203538274
btc_etf_launch,BTC,log_high_low_range_bps,-5,-0.5795391906677158,0.04228928356657684,-13.704161948152562,0.0
btc_etf_launch,BTC,log_high_low_range_bps,-4,-0.4420361734798836,0.03930196435569901,-11.247177608713745,0.0
btc_etf_launch,BTC,log_high_low_range_bps,-3,-0.19293459233940452,0.02378887449353206,-8.110286696912095,6.661338147750939e-16
btc_etf_launch,BTC,log_high_low_range_bps,-2,-0.09252108659876757,0.027592474737851175,-3.3531275276243253,0.0008041399441209851
btc_etf_launch,BTC,log_high_low_range_bps,0,-0.10164540749928908,0.029083945211361664,-3.4948975030932607,0.00047777695016693045
btc_etf_launch,BTC,log_high_low_range_bps,1,-0.10187534499355083,0.030715622226680953,-3.3167273722053197,0.0009163679187740303
btc_etf_launch,BTC,log_high_low_range_bps,2,-0.10717754379792885,0.038564916059862474,-2.77914630052772,0.005467684624756997
btc_etf_launch,BTC,log_high_low_range_bps,3,-0.3206446485728788,0.0402335536056939,-7.969583092642871,1.7763568394002505e-15
btc_etf_launch,BTC,log_high_low_range_bps,4,-0.07209155649453308,0.036431960260067085,-1.9787998224611683,0.04788561362778121
btc_etf_launch,BTC,log_high_low_range_bps,5,0.0023693179502711436,0.0302821947689691,0.07824128892728216,0.9376388085569944
btc_etf_launch,BTC,log_high_low_range_bps,6,-0.20787076994726694,0.04036669513649461,-5.14956127184501,2.6968239841274055e-07
btc_etf_launch,BTC,log_high_low_range_bps,7,-0.08364791769446303,0.03342864208643962,-2.5022828470916245,0.012366747284810797
btc_etf_launch,BTC,log_high_low_range_bps,8,-0.024673019901026102,0.03603855143680594,-0.6846285135597239,0.49360563128831747
btc_etf_launch,BTC,log_high_low_range_bps,9,-0.5652950170918551,0.06476473217776489,-8.728439045192761,0.0
btc_etf_launch,BTC,log_high_low_range_bps,10,-0.5924136678182075,0.06186338494509696,-9.576159926327469,0.0
btc_etf_launch,BTC,log_high_low_range_bps,11,-0.014074691284214102,0.04288110876851694,-0.32822591785564226,0.742752660334691
btc_etf_launch,BTC,log_high_low_range_bps,12,-0.18822268472916315,0.03355426393160189,-5.609501228006147,2.1225879720532248e-08
btc_etf_launch,BTC,log_high_low_range_bps,13,0.007432412989413566,0.0309185036864196,0.24038721487929315,0.8100385553066696
btc_etf_launch,BTC,log_high_low_range_bps,14,-0.2292191682047899,0.03827307725753104,-5.989044639980867,2.2369861518711787e-09
btc_etf_launch,BTC,log_high_low_range_bps,15,0.20136002883571694,0.03101504029131466,6.49233491055967,9.151146507235808e-11
btc_etf_launch,BTC,log_high_low_range_bps,16,-0.26728169634710264,0.04125570206815966,-6.478660717142065,1.0013456730462167e-10
btc_etf_launch,BTC,log_high_low_range_bps,17,-0.07949798634408362,0.04054462902948857,-1.9607525891102326,0.04995551540504173
btc_etf_launch,BTC,log_high_low_range_bps,18,-0.09741207908504827,0.036330660001785774,-2.6812636786741595,0.00735515687843602
btc_etf_launch,BTC,log_high_low_range_bps,19,-0.07304478928661366,0.03254655137160147,-2.244317330356204,0.024849418630470632
btc_etf_launch,BTC,log_high_low_range_bps,20,-0.14063899607539448,0.03538367481313068,-3.974685976460652,7.132498309370128e-05
btc_etf_launch,BTC,log_high_low_range_bps,21,0.09665988892278776,0.04023345536067343,2.4024754537307,0.01631565312900296
btc_etf_launch,BTC,log_high_low_range_bps,22,-0.10146960405806096,0.05694636056514948,-1.7818452847741635,0.07482659054647645
btc_etf_launch,BTC,log_high_low_range_bps,23,-0.5775624803764521,0.05031525039927567,-11.47887520767991,0.0
btc_etf_launch,BTC,log_high_low_range_bps,24,-0.2986175851193871,0.0430156550223195,-6.942067602235595,4.284572696633404e-12
btc_etf_launch,BTC,log_high_low_range_bps,25,0.05463362099469315,0.04344505475657273,1.257533712428518,0.20861089581680559
btc_etf_launch,BTC,log_high_low_range_bps,26,-0.07739288712199148,0.04247645237900985,-1.8220186194324441,0.06850345883202191
btc_etf_launch,BTC,log_high_low_range_bps,27,0.0699360278873394,0.03636902046762662,1.922956048530149,0.05453430939849446
btc_etf_launch,BTC,log_high_low_range_bps,28,0.013332574570720492,0.03496735209062652,0.38128636495453916,0.7030046881246772
btc_etf_launch,BTC,log_high_low_range_bps,29,0.27162299388118594,0.034318358971852383,7.914801348863118,2.886579864025407e-15
btc_etf_launch,BTC,log_high_low_range_bps,30,0.02646196606880415,0.05961978834538216,0.44384535408793946,0.6571708956291511
btc_etf_launch,BTC,log_rolling_notional_depth_proxy_24h,-30,-0.524634132873457,0.13770403309081564,-3.8098675913686666,0.00014047420371343655
btc_etf_launch,BTC,log_rolling_notional_depth_proxy_24h,-29,-0.6507767013350831,0.17524835448082143,-3.7134539908407636,0.00020636235956694726
btc_etf_launch,BTC,log_rolling_notional_depth_proxy_24h,-28,-0.5012716323464246,0.13946926359638784,-3.5941369404305594,0.00032816154237091943
btc_etf_launch,BTC,log_rolling_notional_depth_proxy_24h,-27,-0.5923936371690863,0.1534058287526426,-3.8616110090854785,0.00011386351671949235
btc_etf_launch,BTC,log_rolling_notional_depth_proxy_24h,-26,-0.677028155709198,0.21869460682723726,-3.0957697838613445,0.001972356272132547
btc_etf_launch,BTC,log_rolling_notional_depth_proxy_24h,-25,-0.6115522829758796,0.2531075031415503,-2.4161760334456353,0.015715058989600017
btc_etf_launch,BTC,log_rolling_notional_depth_proxy_24h,-24,-0.4379809906382129,0.19190636155390592,-2.282264053634227,0.02250967797837089
btc_etf_launch,BTC,log_rolling_notional_depth_proxy_24h,-23,-0.2139216936130306,0.15968062566213376,-1.3396847158256058,0.18040017546293208
btc_etf_launch,BTC,log_rolling_notional_depth_proxy_24h,-22,-0.22667138031784215,0.15760690212530237,-1.4382071930938112,0.1504290428093671
btc_etf_launch,BTC,log_rolling_notional_depth_proxy_24h,-21,-0.4323712335507075,0.1359554218658505,-3.1802426679043037,0.0014792395701090921
btc_etf_launch,BTC,log_rolling_notional_depth_proxy_24h,-20,-0.8522678420712437,0.1652215640916968,-5.158332974007201,2.5740643083693726e-07
btc_etf_launch,BTC,log_rolling_notional_depth_proxy_24h,-19,-1.029187578176527,0.21522164835713745,-4.781989107660301,1.7784426307176915e-06
btc_etf_launch,BTC,log_rolling_notional_depth_proxy_24h,-18,-1.4248455084295277,0.2851263809747837,-4.997241937271107,5.985652624662663e-07
btc_etf_launch,BTC,log_rolling_notional_depth_proxy_24h,-17,-1.0495933626210412,0.24833336234802292,-4.226549959687273,2.4093193387919598e-05
btc_etf_launch,BTC,log_rolling_notional_depth_proxy_24h,-16,-0.9242671541016301,0.1990250546504731,-4.643973874167872,3.492850809472259e-06
btc_etf_launch,BTC,log_rolling_notional_depth_proxy_24h,-15,-0.9668925370273391,0.1670579290074861,-5.787768008209963,7.504883159370479e-09
btc_etf_launch,BTC,log_rolling_notional_depth_proxy_24h,-14,-1.119017008050393,0.1830620346039679,-6.112774887874748,1.0426837171451098e-09
btc_etf_launch,BTC,log_rolling_notional_depth_proxy_24h,-13,-0.9598590242361789,0.1738669273872136,-5.520653287318449,3.5234842155063006e-08
btc_etf_launch,BTC,log_rolling_notional_depth_proxy_24h,-12,-0.693179083471136,0.18455821245441745,-3.7558831669023602,0.0001744179978200311
btc_etf_launch,BTC,log_rolling_notional_depth_proxy_24h,-11,-0.6428234655320696,0.23888321250313824,-2.6909528668684692,0.007145183252191378
btc_etf_launch,BTC,log_rolling_notional_depth_proxy_24h,-10,-0.7155348897300292,0.23674476453318744,-3.022389496726226,0.0025187913542907836
btc_etf_launch,BTC,log_rolling_notional_depth_proxy_24h,-9,-0.10495924832646972,0.13478188129256413,-0.778734109658553,0.4361680185288246
btc_etf_launch,BTC,log_rolling_notional_depth_proxy_24h,-8,-0.4205683779717509,0.09898827813165695,-4.248668487923228,2.184011560646404e-05
btc_etf_launch,BTC,log_rolling_notional_depth_proxy_24h,-7,-0.47361685456625247,0.08829715873175796,-5.3638968837612895,8.458919231735251e-08
btc_etf_launch,BTC,log_rolling_notional_depth_proxy_24h,-6,-0.12079191600413144,0.09088310011312258,-1.329091061526084,0.18387002839171007
btc_etf_launch,BTC,log_rolling_notional_depth_proxy_24h,-5,-0.353894472079405,0.16341103877162366,-2.16567053694575,0.03037685695878256
btc_etf_launch,BTC,log_rolling_notional_depth_proxy_24h,-4,-0.5951643701135811,0.24497001066582408,-2.4295397158857734,0.01514806259085133
btc_etf_launch,BTC,log_rolling_notional_depth_proxy_24h,-3,-0.3440279300287512,0.12932475147414962,-2.6601862838106287,0.007831158218079892
btc_etf_launch,BTC,log_rolling_notional_depth_proxy_24h,-2,0.02208812584393922,0.06191414963091955,0.3567540857075512,0.7212888448864319
btc_etf_launch,BTC,log_rolling_notional_depth_proxy_24h,0,-0.1729164749707498,0.059983351985530654,-2.882741114775666,0.003956753498022936
btc_etf_launch,BTC,log_rolling_notional_depth_proxy_24h,1,-0.04012921319407353,0.07477593118557643,-0.5366594913339451,0.5915233549119834
btc_etf_launch,BTC,log_rolling_notional_depth_proxy_24h,2,0.07264490754047365,0.0931365126464803,0.779983118073285,0.43543253021107153
btc_etf_launch,BTC,log_rolling_notional_depth_proxy_24h,3,-0.5397679545111196,0.2192619308860752,-2.4617495263761673,0.013854907520119752
btc_etf_launch,BTC,log_rolling_notional_depth_proxy_24h,4,-0.2812446209534673,0.15753379464730935,-1.785297063294418,0.07426520388113333
btc_etf_launch,BTC,log_rolling_notional_depth_proxy_24h,5,-0.18451431895090176,0.19570004548394757,-0.9428424939535166,0.34580060763218934
btc_etf_launch,BTC,log_rolling_notional_depth_proxy_24h,6,-0.1672105636386811,0.1964707478906506,-0.851071039500217,0.39476490562046096
btc_etf_launch,BTC,log_rolling_notional_depth_proxy_24h,7,-0.1980478161571746,0.18596043746205335,-1.0649997325242244,0.28692023159551017
btc_etf_launch,BTC,log_rolling_notional_depth_proxy_24h,8,-0.043415788168593664,0.13397252781444724,-0.32406485774997684,0.7459005770156244
btc_etf_launch,BTC,log_rolling_notional_depth_proxy_24h,9,-0.32575619594740113,0.15416568703068445,-2.113026589908843,0.03464095054613625
btc_etf_launch,BTC,log_rolling_notional_depth_proxy_24h,10,-0.8932762545045638,0.2909445573725847,-3.0702628107960477,0.002148564898170502
btc_etf_launch,BTC,log_rolling_notional_depth_proxy_24h,11,-0.31746098403974227,0.13208131257352385,-2.4035268718504423,0.016268857525714164
btc_etf_launch,BTC,log_rolling_notional_depth_proxy_24h,12,-0.16013406321701648,0.08959128177899262,-1.7873844422947496,0.07392739269890303
btc_etf_launch,BTC,log_rolling_notional_depth_proxy_24h,13,-0.20312054458993264,0.12230064835684096,-1.6608296629571464,0.09680152664922748
btc_etf_launch,BTC,log_rolling_notional_depth_proxy_24h,14,-0.04788468437929488,0.14583437718207565,-0.3283497711894801,0.7426590286768482
btc_etf_launch,BTC,log_rolling_notional_depth_proxy_24h,15,0.18123793416115447,0.13569093476001828,1.3356672240609897,0.18171029619887458
btc_etf_launch,BTC,log_rolling_notional_depth_proxy_24h,16,0.17655759114533473,0.13660995119086694,1.29242115677689,0.19626264329765508
btc_etf_launch,BTC,log_rolling_notional_depth_proxy_24h,17,-0.4293391749368529,0.22386933216774738,-1.9178114785956706,0.05518380498870412
btc_etf_launch,BTC,log_rolling_notional_depth_proxy_24h,18,-0.46398648009015775,0.17500286702280674,-2.6513078784571573,0.008039795241834957
btc_etf_launch,BTC,log_rolling_notional_depth_proxy_24h,19,-0.3137536829012833,0.14165822253942847,-2.2148638976036468,0.026807992081685716
btc_etf_launch,BTC,log_rolling_notional_depth_proxy_24h,20,-0.3367324283425373,0.16615135240884885,-2.02666077320839,0.042742623283039016
btc_etf_launch,BTC,log_rolling_notional_depth_proxy_24h,21,-0.14926716282238214,0.15532223970034215,-0.9610160342160797,0.33658402913440844
btc_etf_launch,BTC,log_rolling_notional_depth_proxy_24h,22,-0.1838320479441282,0.17773215849754814,-1.0343206851148674,0.30102924495572636
btc_etf_launch,BTC,log_rolling_notional_depth_proxy_24h,23,-0.4027649236317041,0.19331870883066588,-2.083424444886495,0.037256085089454105
btc_etf_launch,BTC,log_rolling_notional_depth_proxy_24h,24,-0.9043971483908619,0.2660171958649635,-3.3997694977957553,0.0006789595439198326
btc_etf_launch,BTC,log_rolling_notional_depth_proxy_24h,25,-0.37798987404095824,0.1958194258954044,-1.930298142344973,0.053618436184581286
btc_etf_launch,BTC,log_rolling_notional_depth_proxy_24h,26,-0.22384011792193728,0.17390252898505543,-1.2871584975119787,0.19809023662150627
btc_etf_launch,BTC,log_rolling_notional_depth_proxy_24h,27,-0.24160129051185675,0.16838821776525256,-1.4347873842852201,0.15140142557979397
btc_etf_launch,BTC,log_rolling_notional_depth_proxy_24h,28,0.09138360414209012,0.1335883332184496,0.6840687501703879,0.4939589895767136
btc_etf_launch,BTC,log_rolling_notional_depth_proxy_24h,29,0.12527272836198278,0.126170581502318,0.9928838154691494,0.32080785488815655
btc_etf_launch,BTC,log_rolling_notional_depth_proxy_24h,30,0.09155371656391906,0.14112800799550806,0.6487281855975258,0.5165396786138228
btc_etf_launch,BTC,log_corwin_schultz_spread,-30,-0.36026326667136455,0.05854779934341275,-6.153318668020919,8.096869841267562e-10
btc_etf_launch,BTC,log_corwin_schultz_spread,-29,-0.5875433176013435,0.0642260008122214,-9.14806013407488,0.0
btc_etf_launch,BTC,log_corwin_schultz_spread,-28,-0.5198172028969,0.06356166317919734,-8.178156091218007,2.220446049250313e-16
btc_etf_launch,BTC,log_corwin_schultz_spread,-27,-0.6284470757816036,0.08300072662154369,-7.571585230176573,4.263256414560601e-14
btc_etf_launch,BTC,log_corwin_schultz_spread,-26,-0.7122977900501726,0.08032408170088116,-8.867798734415642,0.0
btc_etf_launch,BTC,log_corwin_schultz_spread,-25,-0.5618955721517841,0.0767866030245409,-7.317625080669384,2.866595849582154e-13
btc_etf_launch,BTC,log_corwin_schultz_spread,-24,-0.507042295366344,0.06781001619913885,-7.47739528445627,8.704148513061227e-14
btc_etf_launch,BTC,log_corwin_schultz_spread,-23,-0.27677109197416616,0.07164067454449378,-3.863323366703817,0.00011307779463076706
btc_etf_launch,BTC,log_corwin_schultz_spread,-22,-0.2826938020043863,0.04837696419018375,-5.843562256057154,5.388374635373339e-09
btc_etf_launch,BTC,log_corwin_schultz_spread,-21,-0.5661540109440829,0.07496694560962759,-7.552048524054778,4.951594689828198e-14
btc_etf_launch,BTC,log_corwin_schultz_spread,-20,-0.7950591639494183,0.07654235142178405,-10.387179766248252,0.0
btc_etf_launch,BTC,log_corwin_schultz_spread,-19,-0.9625305369861019,0.0900521619749866,-10.688588878670785,0.0
btc_etf_launch,BTC,log_corwin_schultz_spread,-18,-1.2076754912483116,0.09644793791953443,-12.521527336912722,0.0
btc_etf_launch,BTC,log_corwin_schultz_spread,-17,-0.7435378177992009,0.08514016060204645,-8.733103303323215,0.0
btc_etf_launch,BTC,log_corwin_schultz_spread,-16,-0.6186799609435272,0.07362415895751703,-8.40321940112784,0.0
btc_etf_launch,BTC,log_corwin_schultz_spread,-15,-0.700761546044131,0.06873370465700387,-10.195311740303879,0.0
btc_etf_launch,BTC,log_corwin_schultz_spread,-14,-1.0677371059014793,0.0701049703197949,-15.23054786316616,0.0
btc_etf_launch,BTC,log_corwin_schultz_spread,-13,-0.7020636807399991,0.0647994069894404,-10.834415210842998,0.0
btc_etf_launch,BTC,log_corwin_schultz_spread,-12,-0.7022662056495929,0.07371859784713367,-9.526309861533788,0.0
btc_etf_launch,BTC,log_corwin_schultz_spread,-11,-0.5775928588422055,0.08083919892964833,-7.144960198639095,1.0111911308285926e-12
btc_etf_launch,BTC,log_corwin_schultz_spread,-10,-0.3303565005852548,0.07005423019785934,-4.715725226759391,2.465071845758615e-06
btc_etf_launch,BTC,log_corwin_schultz_spread,-9,0.06269834400117154,0.06460313874758093,0.9705154457920093,0.3318302185241002
btc_etf_launch,BTC,log_corwin_schultz_spread,-8,-0.3231695786416714,0.05915516439723514,-5.463083095696309,4.8747790692971193e-08
btc_etf_launch,BTC,log_corwin_schultz_spread,-7,-0.4681783772037108,0.05527235610094757,-8.470389363331021,0.0
btc_etf_launch,BTC,log_corwin_schultz_spread,-6,-0.3066368307649699,0.05930890675063844,-5.170164947639488,2.4175066681841884e-07
btc_etf_launch,BTC,log_corwin_schultz_spread,-5,-0.6720925187912599,0.06418739148357896,-10.470787225606465,0.0
btc_etf_launch,BTC,log_corwin_schultz_spread,-4,-0.8256833111348381,0.08170687022782971,-10.10543310290212,0.0
btc_etf_launch,BTC,log_corwin_schultz_spread,-3,-0.47010391203772595,0.044814614431519566,-10.489968908604213,0.0
btc_etf_launch,BTC,log_corwin_schultz_spread,-2,-0.4874280867237447,0.041386538475902,-11.77745481196882,0.0
btc_etf_launch,BTC,log_corwin_schultz_spread,0,-0.439489960522872,0.05088726360925789,-8.636541432008064,0.0
btc_etf_launch,BTC,log_corwin_schultz_spread,1,-0.5302299805480015,0.06836903754392133,-7.755410922778802,1.021405182655144e-14
btc_etf_launch,BTC,log_corwin_schultz_spread,2,-0.38518687818339825,0.07016724073214566,-5.489554301469531,4.201021930327897e-08
btc_etf_launch,BTC,log_corwin_schultz_spread,3,-0.4611013033740094,0.07102592694735567,-6.49201387707023,9.175193937949189e-11
btc_etf_launch,BTC,log_corwin_schultz_spread,4,-0.18817018066400498,0.05060595785082725,-3.7183404613875712,0.00020243340031944612
btc_etf_launch,BTC,log_corwin_schultz_spread,5,-0.09979955213999815,0.053489405992166505,-1.8657816494468782,0.062122511471325526
btc_etf_launch,BTC,log_corwin_schultz_spread,6,-0.4532929489600588,0.05510340827520572,-8.226223443315067,2.220446049250313e-16
btc_etf_launch,BTC,log_corwin_schultz_spread,7,-0.3416761396062645,0.05963686212024513,-5.729277622242209,1.0594541466346641e-08
btc_etf_launch,BTC,log_corwin_schultz_spread,8,-0.3999142395520549,0.06424047041384977,-6.225269475390335,5.145255332905663e-10
btc_etf_launch,BTC,log_corwin_schultz_spread,9,-0.6347287803254025,0.06167393367938181,-10.291686332593999,0.0
btc_etf_launch,BTC,log_corwin_schultz_spread,10,-0.6901173582055367,0.08864183874156444,-7.785458514884557,8.215650382226158e-15
btc_etf_launch,BTC,log_corwin_schultz_spread,11,-0.0596843058842977,0.057506486439519895,-1.0378708486575376,0.2993735797521522
btc_etf_launch,BTC,log_corwin_schultz_spread,12,-0.21013241976147545,0.05576265764191712,-3.7683358119487775,0.00016597492404746284
btc_etf_launch,BTC,log_corwin_schultz_spread,13,-0.22354046746517364,0.04723268270378638,-4.732749754382544,2.26773167222305e-06
btc_etf_launch,BTC,log_corwin_schultz_spread,14,-0.43703281666399885,0.057932208874031166,-7.543865928093487,5.262457136723242e-14
btc_etf_launch,BTC,log_corwin_schultz_spread,15,-0.1444073374719525,0.059876006552416365,-2.41177302540269,0.01590611458482072
btc_etf_launch,BTC,log_corwin_schultz_spread,16,-0.4429149931317962,0.06268185110458048,-7.06608029799283,1.7814638653135262e-12
btc_etf_launch,BTC,log_corwin_schultz_spread,17,-0.62002158251623,0.07864477327783619,-7.883824400202901,3.774758283725532e-15
btc_etf_launch,BTC,log_corwin_schultz_spread,18,-0.5872600748479053,0.06417712829517812,-9.15061316154323,0.0
btc_etf_launch,BTC,log_corwin_schultz_spread,19,-0.37428802205583983,0.06918565284103734,-5.409908076112445,6.559083010060363e-08
btc_etf_launch,BTC,log_corwin_schultz_spread,20,-0.2500658428740708,0.060261825688882865,-4.14965593915292,3.377543998017707e-05
btc_etf_launch,BTC,log_corwin_schultz_spread,21,-0.1323181848207561,0.0700762802521176,-1.8882021754680345,0.059048825017428364
btc_etf_launch,BTC,log_corwin_schultz_spread,22,-0.271480893068832,0.07783241864632173,-3.4880182036031573,0.0004902366945065406
btc_etf_launch,BTC,log_corwin_schultz_spread,23,-0.8702096805641487,0.07569423977600075,-11.496379158299614,0.0
btc_etf_launch,BTC,log_corwin_schultz_spread,24,-0.6788758803267103,0.08589296056340062,-7.903742936251547,3.3306690738754696e-15
btc_etf_launch,BTC,log_corwin_schultz_spread,25,-0.34835972946776855,0.08540758681166595,-4.0787913869518855,4.587882856110781e-05
btc_etf_launch,BTC,log_corwin_schultz_spread,26,-0.5593890425591834,0.08030504573711778,-6.965801929686572,3.6282088444750116e-12
btc_etf_launch,BTC,log_corwin_schultz_spread,27,-0.021859508648502207,0.06121136240154884,-0.3571152117984731,0.7210185874481785
btc_etf_launch,BTC,log_corwin_schultz_spread,28,-0.24860888699303776,0.060031540610970005,-4.141304462001557,3.502546169986687e-05
btc_etf_launch,BTC,log_corwin_schultz_spread,29,-0.29676185025472046,0.0821490940936808,-3.612478670991801,0.0003058582461621384
btc_etf_launch,BTC,log_corwin_schultz_spread,30,-0.0906806973310995,0.08416086578469475,-1.0774686843536538,0.2813158765042587
eth_rule_approval,ETH,log_dispersion_bps,-30,-0.4822468187363783,0.1422248640576589,-3.3907349599636265,0.0007016933699890426
eth_rule_approval,ETH,log_dispersion_bps,-29,-0.10418973988049968,0.19738481885299597,-0.5278508270592779,0.5976229995986237
eth_rule_approval,ETH,log_dispersion_bps,-28,-0.19880042117460844,0.15240168329379936,-1.3044502979101733,0.1921316761863383
eth_rule_approval,ETH,log_dispersion_bps,-27,-0.11545725193310476,0.12841521765642636,-0.8990932230634028,0.3686402035479177
eth_rule_approval,ETH,log_dispersion_bps,-26,-0.026026993110418405,0.20700538397163873,-0.12573099603044285,0.8999492080665872
eth_rule_approval,ETH,log_dispersion_bps,-25,0.131825785603486,0.19897492181858614,0.6625246257097523,0.5076612926048585
eth_rule_approval,ETH,log_dispersion_bps,-24,-0.1281088777064102,0.2510574325373423,-0.5102771760694846,0.6098766418806387
eth_rule_approval,ETH,log_dispersion_bps,-23,-0.1838196501932541,0.2798982577495992,-0.6567373861887403,0.511375757154306
eth_rule_approval,ETH,log_dispersion_bps,-22,0.08339240767447775,0.30160849246101284,0.27649223996985894,0.7821798370397328
eth_rule_approval,ETH,log_dispersion_bps,-21,0.04622943061129405,0.23195870268642388,0.19930026369301546,0.8420348351180469
eth_rule_approval,ETH,log_dispersion_bps,-20,-0.0962679625893165,0.20354434648412184,-0.4729581747279146,0.636260755758578
eth_rule_approval,ETH,log_dispersion_bps,-19,-0.26519758369359275,0.2898601818610556,-0.9149155361418877,0.36027387675071365
eth_rule_approval,ETH,log_dispersion_bps,-18,-0.3111726981441484,0.3085795446437668,-1.0084035171656476,0.3133027069558305
eth_rule_approval,ETH,log_dispersion_bps,-17,-0.19045625726547755,0.29683092789686333,-0.6416321190480978,0.5211373412847089
eth_rule_approval,ETH,log_dispersion_bps,-16,-0.20071318367196941,0.2571424856583069,-0.7805523974699334,0.4350975431980608
eth_rule_approval,ETH,log_dispersion_bps,-15,-0.007023904921810962,0.23256349978945356,-0.030202095032840087,0.9759069132782066
eth_rule_approval,ETH,log_dispersion_bps,-14,0.10288081783304183,0.2371685147681945,0.43378784040367346,0.664458590715264
eth_rule_approval,ETH,log_dispersion_bps,-13,-0.09312900686764564,0.26592839593497997,-0.3502033189807074,0.7261987890390817
eth_rule_approval,ETH,log_dispersion_bps,-12,-0.1947398156901121,0.31573995449603437,-0.6167727996317235,0.5374087207432785
eth_rule_approval,ETH,log_dispersion_bps,-11,0.045383770330693185,0.3681654626429539,0.12327003734922923,0.9018975231022006
eth_rule_approval,ETH,log_dispersion_bps,-10,-0.018179914382049932,0.3089934157084178,-0.058835928074290875,0.9530848114947437
eth_rule_approval,ETH,log_dispersion_bps,-9,0.19543158135305874,0.19405992913764591,1.0070681887884227,0.3139438736600231
eth_rule_approval,ETH,log_dispersion_bps,-8,0.1445401102098165,0.08794845980883821,1.6434638028225164,0.10034102399205991
eth_rule_approval,ETH,log_dispersion_bps,-7,-0.07315453031848912,0.18983777245914094,-0.38535286929915,0.6999900789610671
eth_rule_approval,ETH,log_dispersion_bps,-6,0.006278733041231769,0.21538592824261094,0.029151082860712225,0.976745094366309
eth_rule_approval,ETH,log_dispersion_bps,-5,0.010563762157277523,0.1973770330859098,0.05352072625734307,0.957318854068002
eth_rule_approval,ETH,log_dispersion_bps,-4,-0.06776790898766492,0.18444152576907819,-0.36742218817095845,0.7133174830548514
eth_rule_approval,ETH,log_dispersion_bps,-3,0.10274623345020038,0.08597034960880175,1.1951356940821503,0.23208271525006996
eth_rule_approval,ETH,log_dispersion_bps,-2,0.28130609341329976,0.02886083978632054,9.746982260254022,0.0
eth_rule_approval,ETH,log_dispersion_bps,0,-0.007232224968629645,0.07585607168035487,-0.09534141181348098,0.9240469329312138
eth_rule_approval,ETH,log_dispersion_bps,1,-0.12047858451974917,0.17984270535565772,-0.6699108772940787,0.5029411826626906
eth_rule_approval,ETH,log_dispersion_bps,2,-0.009748635437156422,0.11413127345854285,-0.08541598758816553,0.9319336214081755
eth_rule_approval,ETH,log_dispersion_bps,3,-0.09055768563419721,0.14569173082275988,-0.6215705251272252,0.5342486523974355
eth_rule_approval,ETH,log_dispersion_bps,4,0.5985739855531632,0.3107066953691931,1.9264920726665244,0.054091599324832096
eth_rule_approval,ETH,log_dispersion_bps,5,0.004386250268422299,0.23439005433745022,0.01871346581159726,0.9850703274445753
eth_rule_approval,ETH,log_dispersion_bps,6,0.08503673565244703,0.24925637541247117,0.3411617276056737,0.7329941490811791
eth_rule_approval,ETH,log_dispersion_bps,7,-0.15282126276268945,0.2422781365200198,-0.6307678643964706,0.5282170858344868
eth_rule_approval,ETH,log_dispersion_bps,8,-0.06809835506105595,0.15518970769999774,-0.4388071610567055,0.6608175597012389
eth_rule_approval,ETH,log_dispersion_bps,9,0.028026430743919167,0.17027153044616503,0.164598454424419,0.8692657639151211
eth_rule_approval,ETH,log_dispersion_bps,10,-0.06487451858425503,0.13865715094682118,-0.467877193071248,0.6398899332295904
eth_rule_approval,ETH,log_dispersion_bps,11,-0.32610621838682236,0.13929593317742225,-2.341103655707295,0.019260401361426815
eth_rule_approval,ETH,log_dispersion_bps,12,-0.1522026474228426,0.14121285849705684,-1.0778242791963226,0.2811568528232966
eth_rule_approval,ETH,log_dispersion_bps,13,-0.28962156417415247,0.06469144849017382,-4.476968300039594,7.715544485531467e-06
eth_rule_approval,ETH,log_dispersion_bps,14,-0.25754729526105025,0.11048316555473367,-2.3310998917157257,0.019782066098108064
eth_rule_approval,ETH,log_dispersion_bps,15,0.03149668411275183,0.1129941143139377,0.27874623650965463,0.7804494799624764
eth_rule_approval,ETH,log_dispersion_bps,16,0.18271776469520776,0.07287086946811337,2.507418479138099,0.012188683414245727
eth_rule_approval,ETH,log_dispersion_bps,17,-0.20661682863287814,0.16408606430018735,-1.259197906379684,0.20800935683317512
eth_rule_approval,ETH,log_dispersion_bps,18,-0.10634255247168022,0.12488001819034684,-0.8515577913320679,0.3944946110728518
eth_rule_approval,ETH,log_dispersion_bps,19,-0.3814070462017948,0.10598411380706621,-3.5987190202496695,0.0003224470645193378
eth_rule_approval,ETH,log_dispersion_bps,20,-0.4499459939466164,0.12081877074100802,-3.7241398102877468,0.00019783576694898386
eth_rule_approval,ETH,log_dispersion_bps,21,-0.48306150026390987,0.054503310528804194,-8.862975396854454,0.0
eth_rule_approval,ETH,log_dispersion_bps,22,-0.15975294388126193,0.11049490783021926,-1.4457946254566774,0.1482886587305814
eth_rule_approval,ETH,log_dispersion_bps,23,-0.0020512200137783308,0.13008971933432562,-0.015767733409484678,0.9874202307142081
eth_rule_approval,ETH,log_dispersion_bps,24,-0.33942510425467204,0.16138973431042453,-2.1031393706975563,0.03549640876729798
eth_rule_approval,ETH,log_dispersion_bps,25,-0.3662893878958937,0.17615707867748662,-2.0793339140603413,0.03763034934686904
eth_rule_approval,ETH,log_dispersion_bps,26,-0.170301155622697,0.19400524989718557,-0.8778172534658174,0.3800791349190302
eth_rule_approval,ETH,log_dispersion_bps,27,-0.014500845307945986,0.19077150610406654,-0.07601158896358308,0.9394124908263479
eth_rule_approval,ETH,log_dispersion_bps,28,0.11261298195331078,0.21393858987341685,0.5263799393084792,0.598644309367081
eth_rule_approval,ETH,log_dispersion_bps,29,0.042593737479455,0.24385879946287795,0.1746655752151316,0.8613484943876031
eth_rule_approval,ETH,log_dispersion_bps,30,-0.026645945249361706,0.26264889996898283,-0.1014508160990144,0.9191960938499915
eth_rule_approval,ETH,log_amihud_illiquidity,-30,0.5255321889157882,0.17543778456643344,2.995547340127199,0.002751068351349195
eth_rule_approval,ETH,log_amihud_illiquidity,-29,0.4004215580074606,0.19451765787326591,2.058535777087894,0.03958314408387964
eth_rule_approval,ETH,log_amihud_illiquidity,-28,0.19531514201816763,0.17647321671289967,1.1067693197655113,0.268439418621911
eth_rule_approval,ETH,log_amihud_illiquidity,-27,0.43050171354437755,0.18513264323066075,2.3253690220800562,0.02008643862999704
eth_rule_approval,ETH,log_amihud_illiquidity,-26,0.33861856302587084,0.1675098504312314,2.0214844807881045,0.04327531734930723
eth_rule_approval,ETH,log_amihud_illiquidity,-25,0.12464426613180117,0.1495579794352452,0.8334176926064246,0.4046434009091058
eth_rule_approval,ETH,log_amihud_illiquidity,-24,0.2389866208075134,0.14770568727505506,1.6179920029922512,0.1057185101642264
eth_rule_approval,ETH,log_amihud_illiquidity,-23,0.38253471650325394,0.13866983831269514,2.7586007249871662,0.00582307531319981
eth_rule_approval,ETH,log_amihud_illiquidity,-22,0.4053829489036749,0.11216453956946032,3.61418100996735,0.00030384404859340464
eth_rule_approval,ETH,log_amihud_illiquidity,-21,0.39701342647030147,0.15001347379699526,2.646518452119556,0.008154398658403839
eth_rule_approval,ETH,log_amihud_illiquidity,-20,0.6007693222164721,0.1721554509489959,3.489690967696751,0.00048716204253929085
eth_rule_approval,ETH,log_amihud_illiquidity,-19,0.87654935670527,0.2548722752932249,3.4391710738126355,0.0005875921272844309
eth_rule_approval,ETH,log_amihud_illiquidity,-18,0.656329830006776,0.3127798497554054,2.0983763197022682,0.03591490925207497
eth_rule_approval,ETH,log_amihud_illiquidity,-17,0.32324935853548875,0.1776689124997275,1.819391777590717,0.06890303618769611
eth_rule_approval,ETH,log_amihud_illiquidity,-16,0.5484163646020392,0.19529420676697962,2.8081548023408422,0.004999224817355374
eth_rule_approval,ETH,log_amihud_illiquidity,-15,0.5919675027120231,0.16966337996571015,3.4890705515336475,0.0004882917758719518
eth_rule_approval,ETH,log_amihud_illiquidity,-14,0.5361687086720811,0.23573405299884992,2.2744643883703,0.02297431275062012
eth_rule_approval,ETH,log_amihud_illiquidity,-13,0.4481847190758314,0.17502754525480899,2.5606524871462613,0.010472586156567099
eth_rule_approval,ETH,log_amihud_illiquidity,-12,0.2849318719610296,0.16065418916965307,1.7735726247395738,0.07618615013224472
eth_rule_approval,ETH,log_amihud_illiquidity,-11,0.5651073867681037,0.23710682415775386,2.383345096774278,0.017187989736483278
eth_rule_approval,ETH,log_amihud_illiquidity,-10,0.33976267603841653,0.15551767965824784,2.1847205847274056,0.028949094367527906
eth_rule_approval,ETH,log_amihud_illiquidity,-9,0.12311667880881398,0.17625604267052342,0.6985103996630447,0.4848859654305311
eth_rule_approval,ETH,log_amihud_illiquidity,-8,0.36963559793068174,0.14214091857838318,2.6004869085382145,0.00933269557350469
eth_rule_approval,ETH,log_amihud_illiquidity,-7,0.07972545335512529,0.13745593736595643,0.5800073455020562,0.5619321169227147
eth_rule_approval,ETH,log_amihud_illiquidity,-6,0.3135415774961615,0.20088565120325944,1.560796281955026,0.11862619582391343
eth_rule_approval,ETH,log_amihud_illiquidity,-5,0.5008983963896211,0.2170010995004752,2.308275845342084,0.021018684209871186
eth_rule_approval,ETH,log_amihud_illiquidity,-4,0.687394412337784,0.35574906281546737,1.9322451811892651,0.053377723762271234
eth_rule_approval,ETH,log_amihud_illiquidity,-3,0.3543912673780037,0.13636965873976767,2.598754522472507,0.009379866959864591
eth_rule_approval,ETH,log_amihud_illiquidity,-2,0.31129969764557364,0.10768246843035915,2.890904175798112,0.0038555682444396666
eth_rule_approval,ETH,log_amihud_illiquidity,0,0.04961989626083623,0.09531580104169546,0.5205841604282404,0.6026762891024942
eth_rule_approval,ETH,log_amihud_illiquidity,1,0.08666586687519398,0.09461188952225454,0.9160145443962252,0.35969721884731776
eth_rule_approval,ETH,log_amihud_illiquidity,2,0.6237304172274412,0.14803662157905045,4.213352146072678,2.5541169662579577e-05
eth_rule_approval,ETH,log_amihud_illiquidity,3,0.5086991084984333,0.1036126161813408,4.909625171592212,9.374082368118763e-07
eth_rule_approval,ETH,log_amihud_illiquidity,4,-0.10393918080098126,0.10512520856617584,-0.9887179508952129,0.32284225986276094
eth_rule_approval,ETH,log_amihud_illiquidity,5,0.2559996384722418,0.13301572277462434,1.924581794785235,0.054330391994991345
eth_rule_approval,ETH,log_amihud_illiquidity,6,0.09698102384089943,0.18504336770765417,0.5240988912075873,0.6002297175662188
eth_rule_approval,ETH,log_amihud_illiquidity,7,0.35015367135419634,0.20919211005802016,1.6738378481725722,0.09421620688617183
eth_rule_approval,ETH,log_amihud_illiquidity,8,0.3256991019502311,0.17711523419303973,1.8389107150164636,0.06597923592462518
eth_rule_approval,ETH,log_amihud_illiquidity,9,0.4539195302043886,0.2212755810579068,2.0513765144541636,0.04027495690568905
eth_rule_approval,ETH,log_amihud_illiquidity,10,0.35174157661884065,0.26728268703960817,1.3159908728645662,0.18822893620156256
eth_rule_approval,ETH,log_amihud_illiquidity,11,0.1056744718455065,0.19241244871956603,0.5492080816430079,0.5828837292223392
eth_rule_approval,ETH,log_amihud_illiquidity,12,0.0658594510672056,0.1613803854135157,0.40810071743508075,0.6832147457619333
eth_rule_approval,ETH,log_amihud_illiquidity,13,0.43267469212729165,0.1451519200124238,2.980840295397114,0.002886480437322314
eth_rule_approval,ETH,log_amihud_illiquidity,14,-0.08824971982713152,0.16392372905561367,-0.5383584203187046,0.59035021425295
eth_rule_approval,ETH,log_amihud_illiquidity,15,0.09140664931698124,0.20005719494582141,0.4569025839922207,0.6477581187310999
eth_rule_approval,ETH,log_amihud_illiquidity,16,0.5549025810644834,0.36109395754522405,1.536726299262392,0.12441470784945996
eth_rule_approval,ETH,log_amihud_illiquidity,17,0.07799299229441098,0.48266757485637707,0.16158738717349852,0.8716363992746399
eth_rule_approval,ETH,log_amihud_illiquidity,18,0.016816911596327692,0.42029823218048745,0.04001185422332696,0.9680850479672698
eth_rule_approval,ETH,log_amihud_illiquidity,19,0.16546078221700766,0.29089161744189307,0.5688056042043192,0.5695100187720343
eth_rule_approval,ETH,log_amihud_illiquidity,20,0.3646044518669452,0.23787236602950984,1.5327734698771747,0.1253860325529299
eth_rule_approval,ETH,log_amihud_illiquidity,21,0.24373635538066876,0.23896565592512434,1.019963954389493,0.3077879515835824
eth_rule_approval,ETH,log_amihud_illiquidity,22,0.5122892228088758,0.21235457891752116,2.4124237180110426,0.01587758416186258
eth_rule_approval,ETH,log_amihud_illiquidity,23,0.34459832989474104,0.26701752638049914,1.2905457352027503,0.19691250917758296
eth_rule_approval,ETH,log_amihud_illiquidity,24,0.26002282849951447,0.27551495179128843,0.9437702992485513,0.3453262167266795
eth_rule_approval,ETH,log_amihud_illiquidity,25,-0.04040815249918347,0.18893984397301705,-0.21386781977524155,0.8306576274749684
eth_rule_approval,ETH,log_amihud_illiquidity,26,0.2738976672527662,0.24010692554069094,1.1407320577529478,0.2540283793493505
eth_rule_approval,ETH,log_amihud_illiquidity,27,0.09847283602435816,0.19881998990824437,0.4952863948429103,0.620416671878298
eth_rule_approval,ETH,log_amihud_illiquidity,28,-0.062052014856536934,0.18877148412095285,-0.32871498121388887,0.7423829563869737
eth_rule_approval,ETH,log_amihud_illiquidity,29,0.10002887959576101,0.19010380975968402,0.5261802997120918,0.5987829899789046
eth_rule_approval,ETH,log_amihud_illiquidity,30,0.23789088803030373,0.3089762983517166,0.769932481227106,0.4413711937599123
eth_rule_approval,ETH,log_notional_volume,-30,-0.5760760973267698,0.14828442352032076,-3.884940060800283,0.00010349090492800528
eth_rule_approval,ETH,log_notional_volume,-29,-0.5852979521297275,0.15858089795077907,-3.6908477609415127,0.00022555133390289583
eth_rule_approval,ETH,log_notional_volume,-28,-0.3946684130616463,0.1790058458018311,-2.2047794656860815,0.02750855118491935
eth_rule_approval,ETH,log_notional_volume,-27,-0.5579414442128533,0.18080673574853645,-3.0858443514451293,0.002039283645800749
eth_rule_approval,ETH,log_notional_volume,-26,-0.5356959917655659,0.17669330040386974,-3.031784400093948,0.0024418297280754953
eth_rule_approval,ETH,log_notional_volume,-25,-0.08804516149045595,0.12957060772842283,-0.6795149226666953,0.4968386794705797
eth_rule_approval,ETH,log_notional_volume,-24,-0.3006048000281884,0.15952895592135588,-1.8843275083952764,0.0595704836716664
eth_rule_approval,ETH,log_notional_volume,-23,-0.35941880205350696,0.11818827456566429,-3.041069880868912,0.002367885312379192
eth_rule_approval,ETH,log_notional_volume,-22,-0.3259367898637438,0.11688287091414151,-2.788576181561854,0.005311224687114313
eth_rule_approval,ETH,log_notional_volume,-21,-0.47046981656879977,0.139565333681045,-3.3709647242630165,0.0007539318128872985
eth_rule_approval,ETH,log_notional_volume,-20,-0.4442143613371021,0.14996505290328505,-2.9621191920199124,0.0030676490343319873
eth_rule_approval,ETH,log_notional_volume,-19,-0.9093038010018142,0.22847697036679115,-3.9798488203955125,6.97977325803123e-05
eth_rule_approval,ETH,log_notional_volume,-18,-0.653427294425372,0.18720891894226,-3.4903641243017143,0.00048593903087201795
eth_rule_approval,ETH,log_notional_volume,-17,-0.4874173774329093,0.1369998028967281,-3.5577961947896353,0.0003769578463830303
eth_rule_approval,ETH,log_notional_volume,-16,-0.63368779107742,0.16688576676742922,-3.797135030457826,0.00014786766979102417
eth_rule_approval,ETH,log_notional_volume,-15,-0.47279358619642975,0.1375861582517191,-3.4363455757768593,0.0005937423925306273
eth_rule_approval,ETH,log_notional_volume,-14,-0.5098861146915138,0.17156828591256604,-2.9719135560482313,0.0029716118048288553
eth_rule_approval,ETH,log_notional_volume,-13,-0.22162363544784394,0.16498305895137644,-1.3433114700168127,0.1792235151825481
eth_rule_approval,ETH,log_notional_volume,-12,-0.6468795744827186,0.17928377480190238,-3.608132276317146,0.00031099851465055117
eth_rule_approval,ETH,log_notional_volume,-11,-0.45367277364533687,0.15959081101441575,-2.842724908543493,0.004488540454583578
eth_rule_approval,ETH,log_notional_volume,-10,-0.46959698203843675,0.14029295098141392,-3.347259992418644,0.0008213227993809635
eth_rule_approval,ETH,log_notional_volume,-9,-0.4704867851322978,0.15251006905413697,-3.0849555576903427,0.00204537734997845
eth_rule_approval,ETH,log_notional_volume,-8,-0.5621313617858732,0.13957251954686614,-4.027521775854442,5.708512035673685e-05
eth_rule_approval,ETH,log_notional_volume,-7,-0.4771339862125193,0.1561674498779078,-3.055271675278966,0.002258749509415958
eth_rule_approval,ETH,log_notional_volume,-6,-0.5169895903794607,0.19925207019876984,-2.5946510360656343,0.009492451211849051
eth_rule_approval,ETH,log_notional_volume,-5,-0.8886872778937017,0.2088099712537633,-4.2559618803533805,2.1142229921888855e-05
eth_rule_approval,ETH,log_notional_volume,-4,-0.8286551495219124,0.19775490087039227,-4.190314100306467,2.8269204972675155e-05
eth_rule_approval,ETH,log_notional_volume,-3,0.11889422356102143,0.11465887414446138,1.0369386970538699,0.2998075077497848
eth_rule_approval,ETH,log_notional_volume,-2,0.1450350251137324,0.1212526651620767,1.1961388635859358,0.23169110143035598
eth_rule_approval,ETH,log_notional_volume,0,0.27298732134311493,0.11779118029068897,2.3175531535504423,0.02050813327058587
eth_rule_approval,ETH,log_notional_volume,1,-0.17170790639755965,0.10102211570596946,-1.6997061009623393,0.08923965641091347
eth_rule_approval,ETH,log_notional_volume,2,-0.7146519210180323,0.16457329189936004,-4.342453825709804,1.4329133986912268e-05
eth_rule_approval,ETH,log_notional_volume,3,-0.03948099709620653,0.10704859416911955,-0.3688137840823291,0.7122799450851849
eth_rule_approval,ETH,log_notional_volume,4,-0.009317562902365824,0.10644568934410627,-0.087533492053821,0.9302504762137276
eth_rule_approval,ETH,log_notional_volume,5,-0.24234287866188495,0.09709757583908753,-2.4958695061913954,0.012592345909491653
eth_rule_approval,ETH,log_notional_volume,6,-0.331115026658485,0.19023515565505156,-1.7405564471946882,0.0818142075624757
eth_rule_approval,ETH,log_notional_volume,7,-0.43945396607503884,0.16444138477329293,-2.672404922160513,0.007551962200091689
eth_rule_approval,ETH,log_notional_volume,8,-0.13854874916649434,0.11789640468763143,-1.1751736580397143,0.23997332143262562
eth_rule_approval,ETH,log_notional_volume,9,-0.2905908681227015,0.2049217734982278,-1.4180575502642456,0.15622750221411064
eth_rule_approval,ETH,log_notional_volume,10,-0.3697161400849381,0.22254240162040714,-1.6613289754802174,0.09670125373719296
eth_rule_approval,ETH,log_notional_volume,11,-0.3876710254569155,0.14261849796891418,-2.7182380334801604,0.0065825039482432235
eth_rule_approval,ETH,log_notional_volume,12,-0.41784487859972197,0.13554331107347833,-3.0827406774297206,0.002060635683954981
eth_rule_approval,ETH,log_notional_volume,13,-0.23474430757167536,0.13953434670436576,-1.6823406789514905,0.09255643999589869
eth_rule_approval,ETH,log_notional_volume,14,-0.4626682912163878,0.15895929464827477,-2.910608607317504,0.0036209390430770316
eth_rule_approval,ETH,log_notional_volume,15,-0.5968451378511016,0.11765105228722435,-5.073011471193723,4.0371176335263215e-07
eth_rule_approval,ETH,log_notional_volume,16,-0.7826706434735314,0.3492809820565373,-2.2408052075015132,0.025076261391415278
eth_rule_approval,ETH,log_notional_volume,17,-0.5357551501277724,0.45546486909382533,-1.1762820504547133,0.23953029607336673
eth_rule_approval,ETH,log_notional_volume,18,-0.5969055036135376,0.3873001949962646,-1.5411959800828257,0.12332346137970474
eth_rule_approval,ETH,log_notional_volume,19,-0.1325820437496571,0.24670918751475468,-0.5374021336020488,0.591010415422172
eth_rule_approval,ETH,log_notional_volume,20,-0.3796915383327985,0.18917838579934512,-2.0070555984948726,0.04478990094825397
eth_rule_approval,ETH,log_notional_volume,21,-0.3347262230593874,0.19234883089964452,-1.7402040942688464,0.08187604265634629
eth_rule_approval,ETH,log_notional_volume,22,-0.46512926925626036,0.16481946829620842,-2.8220529653714483,0.004787911231872055
eth_rule_approval,ETH,log_notional_volume,23,-0.044527275926021764,0.21901317741379,-0.2033086613865917,0.8389008936126694
eth_rule_approval,ETH,log_notional_volume,24,-0.15561984409497487,0.23119162699880977,-0.6731205888168953,0.5008973029390409
eth_rule_approval,ETH,log_notional_volume,25,-0.22119863187868183,0.15502080725010742,-1.4268964005703084,0.15366340234081788
eth_rule_approval,ETH,log_notional_volume,26,-0.615275452409963,0.17064388908035458,-3.605610817509179,0.0003140272448389769
eth_rule_approval,ETH,log_notional_volume,27,-0.016162077531045448,0.16173899543409762,-0.09992690685179177,0.9204057964117671
eth_rule_approval,ETH,log_notional_volume,28,-0.09665693450888435,0.1523805058943506,-0.634312991294957,0.5259015105926763
eth_rule_approval,ETH,log_notional_volume,29,-0.101582281940823,0.16197598438059865,-0.6271440937943789,0.5305893868432712
eth_rule_approval,ETH,log_notional_volume,30,-0.7474482433529438,0.2575858675959336,-2.9017439905726543,0.0037248379884986527
eth_rule_approval,ETH,log_high_low_range_bps,-30,-0.26482840131022073,0.025023425792928943,-10.583219240311024,0.0
eth_rule_approval,ETH,log_high_low_range_bps,-29,-0.3030472106380615,0.018531650167175333,-16.352953347610768,0.0
eth_rule_approval,ETH,log_high_low_range_bps,-28,-0.1974069504375814,0.018815622848276554,-10.491651115108485,0.0
eth_rule_approval,ETH,log_high_low_range_bps,-27,-0.37512178035063837,0.023721548105588092,-15.81354550221243,0.0
eth_rule_approval,ETH,log_high_low_range_bps,-26,-0.21874772613571114,0.023807947748367475,-9.188012694236143,0.0
eth_rule_approval,ETH,log_high_low_range_bps,-25,0.04891902430088353,0.025603600808573792,1.9106306439718503,0.056101149395600736
eth_rule_approval,ETH,log_high_low_range_bps,-24,-0.07233164757284462,0.022550295851930666,-3.207569783021355,0.001345865665424828
eth_rule_approval,ETH,log_high_low_range_bps,-23,-0.04341668911643722,0.02106243336673088,-2.0613330074679763,0.039315596987558266
eth_rule_approval,ETH,log_high_low_range_bps,-22,-0.14827811498116922,0.025336820498982587,-5.852277912578786,5.11323139384956e-09
eth_rule_approval,ETH,log_high_low_range_bps,-21,-0.17088121321472244,0.025747943109029083,-6.636693754181831,3.498334955054361e-11
eth_rule_approval,ETH,log_high_low_range_bps,-20,-0.15535208580151344,0.025299883076713915,-6.14042702610353,8.77392158926682e-10
eth_rule_approval,ETH,log_high_low_range_bps,-19,-0.19341255146240946,0.036761915570711824,-5.261220707892083,1.4822130545155687e-07
eth_rule_approval,ETH,log_high_low_range_bps,-18,-0.07651607426710721,0.023728936664847957,-3.2245892577419246,0.0012685025528309524
eth_rule_approval,ETH,log_high_low_range_bps,-17,-0.2977018788259813,0.02333440490022351,-12.758066044492516,0.0
eth_rule_approval,ETH,log_high_low_range_bps,-16,-0.10422018119491182,0.027755247436338656,-3.754972151985256,0.00017505208229118274
eth_rule_approval,ETH,log_high_low_range_bps,-15,-0.22728228993660746,0.023920701258915177,-9.501489420252678,0.0
eth_rule_approval,ETH,log_high_low_range_bps,-14,-0.23941661656557672,0.026968474247018925,-8.877647818435323,0.0
eth_rule_approval,ETH,log_high_low_range_bps,-13,-0.19873165960580735,0.02362387461200421,-8.412322824674325,0.0
eth_rule_approval,ETH,log_high_low_range_bps,-12,-0.1768571943162729,0.03283898249234514,-5.385586912064002,7.504056021012673e-08
eth_rule_approval,ETH,log_high_low_range_bps,-11,-0.13377629042675074,0.028228963305995468,-4.738972840647619,2.199127049795635e-06
eth_rule_approval,ETH,log_high_low_range_bps,-10,-0.23354609693142364,0.022847724878998624,-10.221853517944652,0.0
eth_rule_approval,ETH,log_high_low_range_bps,-9,-0.24290524642746492,0.025058327191432368,-9.693593852925508,0.0
eth_rule_approval,ETH,log_high_low_range_bps,-8,-0.2657203623620966,0.02478364797652581,-10.721600089453235,0.0
eth_rule_approval,ETH,log_high_low_range_bps,-7,-0.37466085264976523,0.029201239209607665,-12.830306616799191,0.0
eth_rule_approval,ETH,log_high_low_range_bps,-6,-0.17074892201352718,0.03258365275038866,-5.240324751849391,1.659394648356738e-07
eth_rule_approval,ETH,log_high_low_range_bps,-5,-0.2623831841410632,0.03766906546814803,-6.965481646018735,3.6339820042030624e-12
eth_rule_approval,ETH,log_high_low_range_bps,-4,-0.35700704980602077,0.03615955733665563,-9.873103436587591,0.0
eth_rule_approval,ETH,log_high_low_range_bps,-3,0.20912239162309365,0.022070263537804266,9.475301065838513,0.0
eth_rule_approval,ETH,log_high_low_range_bps,-2,0.1483327282886426,0.019955010818235926,7.433357447899174,1.212363542890671e-13
eth_rule_approval,ETH,log_high_low_range_bps,0,0.30800710221941535,0.0178756107884978,17.230577789129583,0.0
eth_rule_approval,ETH,log_high_low_range_bps,1,-0.042974142896026475,0.0236647142479754,-1.815958665112682,0.06942814354711291
eth_rule_approval,ETH,log_high_low_range_bps,2,-0.19994301376072554,0.03891645968707074,-5.137749306295527,2.8710991806235597e-07
eth_rule_approval,ETH,log_high_low_range_bps,3,0.022041965986684807,0.028799440226818532,0.7653609171944582,0.4440876937543363
eth_rule_approval,ETH,log_high_low_range_bps,4,0.06139437532719626,0.0278314083489168,2.205938505069785,0.027427238138834964
eth_rule_approval,ETH,log_high_low_range_bps,5,-0.09182402195092505,0.017492050091863942,-5.249471701069222,1.5794494823140326e-07
eth_rule_approval,ETH,log_high_low_range_bps,6,-0.12989760480487192,0.013740302879583232,-9.453765753438176,0.0
eth_rule_approval,ETH,log_high_low_range_bps,7,-0.15877277090757608,0.015580391889382187,-10.19055053523894,0.0
eth_rule_approval,ETH,log_high_low_range_bps,8,-0.0953631855118776,0.021224228111898138,-4.4931285608647284,7.154261773667514e-06
eth_rule_approval,ETH,log_high_low_range_bps,9,0.03446597771231362,0.027936521904242954,1.2337247217263285,0.21735531804625907
eth_rule_approval,ETH,log_high_low_range_bps,10,-0.1256058842115946,0.02451187615626793,-5.124286831853788,3.082998512038415e-07
eth_rule_approval,ETH,log_high_low_range_bps,11,-0.19836940360968566,0.02333937846952861,-8.499343882214879,0.0
eth_rule_approval,ETH,log_high_low_range_bps,12,-0.25121158292382145,0.04235759537190292,-5.930732864275334,3.1892686269685555e-09
eth_rule_approval,ETH,log_high_low_range_bps,13,-0.1016268161486915,0.03244738444617355,-3.1320495591032493,0.001744516621117409
eth_rule_approval,ETH,log_high_low_range_bps,14,-0.2885194400204077,0.02711000658146304,-10.642544078823208,0.0
eth_rule_approval,ETH,log_high_low_range_bps,15,-0.5017031383843795,0.02824149731237097,-17.764749964748233,0.0
eth_rule_approval,ETH,log_high_low_range_bps,16,-0.6062519412367932,0.038356215421110645,-15.805833150658598,0.0
eth_rule_approval,ETH,log_high_low_range_bps,17,-0.4504532190902306,0.04141199868402618,-10.877360026189308,0.0
eth_rule_approval,ETH,log_high_low_range_bps,18,-0.443377109458935,0.03251160801232667,-13.637501697573063,0.0
eth_rule_approval,ETH,log_high_low_range_bps,19,-0.10354652077373372,0.019310952655486133,-5.362061759512249,8.54490149748699e-08
eth_rule_approval,ETH,log_high_low_range_bps,20,-0.26528406669218096,0.015270716529197141,-17.372077216217455,0.0
eth_rule_approval,ETH,log_high_low_range_bps,21,-0.13005147999203173,0.017696485096535344,-7.349000622586543,2.2715163083830703e-13
eth_rule_approval,ETH,log_high_low_range_bps,22,-0.18849219378796556,0.017294715126609926,-10.898831949995433,0.0
eth_rule_approval,ETH,log_high_low_range_bps,23,-0.050857882342545443,0.04029277245814429,-1.2622085609863674,0.20692432525597448
eth_rule_approval,ETH,log_high_low_range_bps,24,-0.05969267159854789,0.03169606049082105,-1.8832836218190099,0.05971176401661382
eth_rule_approval,ETH,log_high_low_range_bps,25,-0.2984954486907828,0.023154095385032936,-12.891691241962041,0.0
eth_rule_approval,ETH,log_high_low_range_bps,26,-0.45453254833804696,0.021039175453041924,-21.60410465479192,0.0
eth_rule_approval,ETH,log_high_low_range_bps,27,-0.15254843885297362,0.025826394352577373,-5.906687428775744,3.6880285492202347e-09
eth_rule_approval,ETH,log_high_low_range_bps,28,-0.2311337951833926,0.02103988012885808,-10.98550912684963,0.0
eth_rule_approval,ETH,log_high_low_range_bps,29,-0.1409912232400438,0.020104703213125453,-7.012847777230403,2.6001423236721166e-12
eth_rule_approval,ETH,log_high_low_range_bps,30,-0.4895723893524604,0.05027886335123658,-9.737141150793729,0.0
eth_rule_approval,ETH,log_rolling_notional_depth_proxy_24h,-30,-0.8104367919895972,0.16929625757841985,-4.787092187281187,1.7340036104762646e-06
eth_rule_approval,ETH,log_rolling_notional_depth_proxy_24h,-29,-0.6353187560285959,0.17194903994854366,-3.6948083933397777,0.00022207266773266454
eth_rule_approval,ETH,log_rolling_notional_depth_proxy_24h,-28,-0.5522785109479569,0.18053850589263667,-3.059062155285521,0.0022304107687702857
eth_rule_approval,ETH,log_rolling_notional_depth_proxy_24h,-27,-0.5512394848406229,0.205020583698624,-2.6887031287108885,0.007193451519345917
eth_rule_approval,ETH,log_rolling_notional_depth_proxy_24h,-26,-0.685044579512071,0.19350370405755865,-3.5402142964059284,0.0004029279087776061
eth_rule_approval,ETH,log_rolling_notional_depth_proxy_24h,-25,-0.2240806874968109,0.16831413936314915,-1.331324203329951,0.1831345016445196
eth_rule_approval,ETH,log_rolling_notional_depth_proxy_24h,-24,-0.2997553163561848,0.1822111432411497,-1.6450987081479957,0.10000345925263532
eth_rule_approval,ETH,log_rolling_notional_depth_proxy_24h,-23,-0.41796918483555445,0.16600529427743405,-2.5178063546396854,0.011835445327524008
eth_rule_approval,ETH,log_rolling_notional_depth_proxy_24h,-22,-0.390950381555907,0.11550056783428672,-3.38483514744983,0.0007169189768061468
eth_rule_approval,ETH,log_rolling_notional_depth_proxy_24h,-21,-0.46776760908445364,0.1287873406985871,-3.632093081098812,0.0002835513573185011
eth_rule_approval,ETH,log_rolling_notional_depth_proxy_24h,-20,-0.5045444427496851,0.15493374093499085,-3.256517526168742,0.001134340054297578
eth_rule_approval,ETH,log_rolling_notional_depth_proxy_24h,-19,-0.6826403719942126,0.156656410106913,-4.357564248589204,1.3377989795726464e-05
eth_rule_approval,ETH,log_rolling_notional_depth_proxy_24h,-18,-0.8112509767113214,0.21900047190329094,-3.7043343772773425,0.0002139110902283914
eth_rule_approval,ETH,log_rolling_notional_depth_proxy_24h,-17,-0.5775769385437753,0.1444573690850602,-3.9982518178334203,6.460180913703262e-05
eth_rule_approval,ETH,log_rolling_notional_depth_proxy_24h,-16,-0.6344398282841321,0.15568182270715628,-4.075233815045568,4.65799202327144e-05
eth_rule_approval,ETH,log_rolling_notional_depth_proxy_24h,-15,-0.5840927177587084,0.14481155043573887,-4.033467744811582,5.566302149273561e-05
eth_rule_approval,ETH,log_rolling_notional_depth_proxy_24h,-14,-0.5703021367069926,0.14596347161416826,-3.9071565673259516,9.444756812082566e-05
eth_rule_approval,ETH,log_rolling_notional_depth_proxy_24h,-13,-0.468092894084624,0.1545708103393059,-3.028339523206811,0.002469796145992298
eth_rule_approval,ETH,log_rolling_notional_depth_proxy_24h,-12,-0.3174819696859532,0.16622432445865934,-1.9099609561951463,0.05618734513080681
eth_rule_approval,ETH,log_rolling_notional_depth_proxy_24h,-11,-0.7365494938817144,0.22885869927027727,-3.218359171970409,0.001296332374933984
eth_rule_approval,ETH,log_rolling_notional_depth_proxy_24h,-10,-0.48682304093704887,0.165339992973885,-2.944375599519599,0.0032488717794578736
eth_rule_approval,ETH,log_rolling_notional_depth_proxy_24h,-9,-0.5874189150201649,0.17941048044470254,-3.2741616518953456,0.0010659525678835546
eth_rule_approval,ETH,log_rolling_notional_depth_proxy_24h,-8,-0.5729011235736859,0.16916684093331594,-3.3866041383341696,0.0007123218290865374
eth_rule_approval,ETH,log_rolling_notional_depth_proxy_24h,-7,-0.5803456758840406,0.15358017302281912,-3.77877993273137,0.00015917331306591898
eth_rule_approval,ETH,log_rolling_notional_depth_proxy_24h,-6,-0.6388809351821478,0.21038270867223588,-3.03675591598874,0.0024019804835646585
eth_rule_approval,ETH,log_rolling_notional_depth_proxy_24h,-5,-0.6762464302886041,0.20695908858102302,-3.2675367625802934,0.0010911700451918804
eth_rule_approval,ETH,log_rolling_notional_depth_proxy_24h,-4,-1.0166009395230542,0.2400154998482803,-4.235563703867761,2.3149534153610318e-05
eth_rule_approval,ETH,log_rolling_notional_depth_proxy_24h,-3,-0.3759503213918521,0.10657131307935899,-3.527687803864238,0.00042244040344696643
eth_rule_approval,ETH,log_rolling_notional_depth_proxy_24h,-2,0.1062580035792588,0.09310589367653883,1.1412596924144458,0.25380882606025335
eth_rule_approval,ETH,log_rolling_notional_depth_proxy_24h,0,0.04920247580092414,0.03771950140374869,1.304430704803384,0.1921383523209914
eth_rule_approval,ETH,log_rolling_notional_depth_proxy_24h,1,0.11023415971119613,0.07089951346438843,1.5547943042876422,0.120049439047071
eth_rule_approval,ETH,log_rolling_notional_depth_proxy_24h,2,-0.441924793413884,0.11607843904308031,-3.8071221241170554,0.00014203834585768682
eth_rule_approval,ETH,log_rolling_notional_depth_proxy_24h,3,-0.49530695474969755,0.1601774065805383,-3.0922398191074083,0.001995924294511342
eth_rule_approval,ETH,log_rolling_notional_depth_proxy_24h,4,0.056627044505781855,0.11001984591984648,0.5146984531048766,0.6067832994858149
eth_rule_approval,ETH,log_rolling_notional_depth_proxy_24h,5,-0.3253715846316921,0.10105833088997895,-3.219641386972049,0.0012905590595244654
eth_rule_approval,ETH,log_rolling_notional_depth_proxy_24h,6,-0.341416440551654,0.13203389615188926,-2.5858241747171884,0.009738721491124647
eth_rule_approval,ETH,log_rolling_notional_depth_proxy_24h,7,-0.4380982246803116,0.19563476201615035,-2.239367994549686,0.025169604608302087
eth_rule_approval,ETH,log_rolling_notional_depth_proxy_24h,8,-0.34926782512922067,0.11796094988599981,-2.9608766754316678,0.0030800326371107634
eth_rule_approval,ETH,log_rolling_notional_depth_proxy_24h,9,-0.25543042152678197,0.13680663161308712,-1.8670909334949748,0.06193912666702417
eth_rule_approval,ETH,log_rolling_notional_depth_proxy_24h,10,-0.3184300035308539,0.23200722458091902,-1.372500378408658,0.16996060914957223
eth_rule_approval,ETH,log_rolling_notional_depth_proxy_24h,11,-0.507544786398201,0.18676709576494935,-2.7175278617436858,0.006596628810205063
eth_rule_approval,ETH,log_rolling_notional_depth_proxy_24h,12,-0.4437806426841461,0.13877832673603807,-3.1977662011175174,0.001392381748712479
eth_rule_approval,ETH,log_rolling_notional_depth_proxy_24h,13,-0.4647446228060608,0.13755898174020426,-3.378511653159688,0.0007335784902224862
eth_rule_approval,ETH,log_rolling_notional_depth_proxy_24h,14,-0.4043523459452598,0.16044437555310925,-2.520202684271807,0.01175525907672248
eth_rule_approval,ETH,log_rolling_notional_depth_proxy_24h,15,-0.5927198189203035,0.15619131659474073,-3.7948320805707425,0.00014924347212152966
eth_rule_approval,ETH,log_rolling_notional_depth_proxy_24h,16,-0.6955626593217498,0.15778353208519044,-4.408334951876991,1.060415884723831e-05
eth_rule_approval,ETH,log_rolling_notional_depth_proxy_24h,17,-0.775090796058656,0.4538012753952636,-1.7079960724736778,0.08769039861838968
eth_rule_approval,ETH,log_rolling_notional_depth_proxy_24h,18,-0.6517238545430379,0.4398622317669244,-1.4816544987849183,0.13848638724066387
eth_rule_approval,ETH,log_rolling_notional_depth_proxy_24h,19,-0.29593801334183695,0.28936540171695224,-1.0227138821223478,0.3064856529637925
eth_rule_approval,ETH,log_rolling_notional_depth_proxy_24h,20,-0.3467670573293248,0.2566682738242979,-1.351032023407396,0.1767376929932889
eth_rule_approval,ETH,log_rolling_notional_depth_proxy_24h,21,-0.4054933179821262,0.18364097958570139,-2.2080764266065733,0.027277795127485627
eth_rule_approval,ETH,log_rolling_notional_depth_proxy_24h,22,-0.5580687435170577,0.21155158722885128,-2.6379794679269066,0.008362356208240884
eth_rule_approval,ETH,log_rolling_notional_depth_proxy_24h,23,-0.3395531115995909,0.1868085520354467,-1.8176529280905787,0.06916859033019329
eth_rule_approval,ETH,log_rolling_notional_depth_proxy_24h,24,-0.2890327574625697,0.25929410994122537,-1.114690794665892,0.2650289746479233
eth_rule_approval,ETH,log_rolling_notional_depth_proxy_24h,25,-0.19792731767472124,0.18695328483179455,-1.0586993315084046,0.2897806694796672
eth_rule_approval,ETH,log_rolling_notional_depth_proxy_24h,26,-0.5887083248043734,0.17568146983305402,-3.350998402755903,0.0008103360613240795
eth_rule_approval,ETH,log_rolling_notional_depth_proxy_24h,27,-0.32066931080509536,0.185307467533938,-1.7304716052328901,0.08359905709537663
eth_rule_approval,ETH,log_rolling_notional_depth_proxy_24h,28,-0.18476225977450608,0.18145259273914183,-1.0182398442777958,0.3086063135875414
eth_rule_approval,ETH,log_rolling_notional_depth_proxy_24h,29,-0.2038757092571664,0.191134762539631,-1.0666594948414663,0.28616986877135386
eth_rule_approval,ETH,log_rolling_notional_depth_proxy_24h,30,-0.38083864433988823,0.217879394163165,-1.7479332811742936,0.08052831130593296
eth_rule_approval,ETH,log_corwin_schultz_spread,-30,-0.2293354425142616,0.042169863908496516,-5.438372839236372,5.596199503798971e-08
eth_rule_approval,ETH,log_corwin_schultz_spread,-29,-0.5788851738990777,0.05007489616236164,-11.560386905688517,0.0
eth_rule_approval,ETH,log_corwin_schultz_spread,-28,-0.5038442678104639,0.04157529580116094,-12.118837836299763,0.0
eth_rule_approval,ETH,log_corwin_schultz_spread,-27,-0.3676807783350749,0.04190459297980095,-8.774235762468951,0.0
eth_rule_approval,ETH,log_corwin_schultz_spread,-26,-0.668147182879189,0.04998142848823024,-13.367908903134412,0.0
eth_rule_approval,ETH,log_corwin_schultz_spread,-25,-0.13285637259812472,0.044749790282978645,-2.96887140158641,0.003001149595285302
eth_rule_approval,ETH,log_corwin_schultz_spread,-24,0.20459209006796922,0.03173655142294908,6.4465759792674335,1.2361156542795015e-10
eth_rule_approval,ETH,log_corwin_schultz_spread,-23,-0.06402828052163428,0.03686290429551332,-1.736929895928665,0.0824524804182436
eth_rule_approval,ETH,log_corwin_schultz_spread,-22,-0.2474421723815884,0.03575277612209968,-6.920921931671713,4.969580302827126e-12
eth_rule_approval,ETH,log_corwin_schultz_spread,-21,-0.1700774627363127,0.0444499399233496,-3.8262697999051922,0.00013146318396373147
eth_rule_approval,ETH,log_corwin_schultz_spread,-20,-0.23476761713592748,0.0456147847058718,-5.146743948255594,2.737484114945232e-07
eth_rule_approval,ETH,log_corwin_schultz_spread,-19,-0.00880297347557183,0.03842401589826967,-0.2291008180633261,0.8187986117552606
eth_rule_approval,ETH,log_corwin_schultz_spread,-18,0.15186189952429324,0.05655833061720473,2.6850491849223306,0.007272481800580488
eth_rule_approval,ETH,log_corwin_schultz_spread,-17,-0.4372722257328733,0.04036565261972803,-10.832779785632994,0.0
eth_rule_approval,ETH,log_corwin_schultz_spread,-16,-0.10631638011680476,0.03270195402528476,-3.2510711755818082,0.0011562588431719423
eth_rule_approval,ETH,log_corwin_schultz_spread,-15,0.0170671901018729,0.04526646900920658,0.3770382465308188,0.706158935654777
eth_rule_approval,ETH,log_corwin_schultz_spread,-14,-0.17458042835118606,0.03697052928889442,-4.7221511757914785,2.388396891817024e-06
eth_rule_approval,ETH,log_corwin_schultz_spread,-13,-0.3693192830926294,0.04764647405415534,-7.751240578114098,1.0658141036401503e-14
eth_rule_approval,ETH,log_corwin_schultz_spread,-12,-0.24204855957753857,0.06106262672073667,-3.963939525309344,7.46064047292272e-05
eth_rule_approval,ETH,log_corwin_schultz_spread,-11,0.00043372625611068366,0.059172857453220824,0.007329817669419911,0.9941519553645519
eth_rule_approval,ETH,log_corwin_schultz_spread,-10,-0.10431481658394946,0.039870675246082614,-2.61632931822991,0.00891105625412103
eth_rule_approval,ETH,log_corwin_schultz_spread,-9,-0.05927434919215559,0.034907696325678673,-1.6980309625459988,0.0895554020556959
eth_rule_approval,ETH,log_corwin_schultz_spread,-8,-0.06832832759456335,0.04874211299705779,-1.4018335150691528,0.1610183233552951
eth_rule_approval,ETH,log_corwin_schultz_spread,-7,-0.4766430535636679,0.05299206501455354,-8.994611805234697,0.0
eth_rule_approval,ETH,log_corwin_schultz_spread,-6,-0.39163958649291697,0.05703907338244761,-6.8661631977604065,7.281508729306552e-12
eth_rule_approval,ETH,log_corwin_schultz_spread,-5,-0.3275555214802622,0.05196405383518362,-6.303502080865026,3.123790115466818e-10
eth_rule_approval,ETH,log_corwin_schultz_spread,-4,-0.2816949326390271,0.05106727274104728,-5.516153840199185,3.61444119079124e-08
eth_rule_approval,ETH,log_corwin_schultz_spread,-3,-0.031669159932573174,0.04380736431720772,-0.7229186331151494,0.46975893955042736
eth_rule_approval,ETH,log_corwin_schultz_spread,-2,0.1841038638849793,0.045219929570181144,4.071299217732103,4.737189481374138e-05
eth_rule_approval,ETH,log_corwin_schultz_spread,0,0.44290080338602095,0.04549248389082008,9.735691822169196,0.0
eth_rule_approval,ETH,log_corwin_schultz_spread,1,0.09502366000002432,0.04330985795091539,2.1940422918892515,0.0282717839248956
eth_rule_approval,ETH,log_corwin_schultz_spread,2,-0.12275330110062027,0.048211940630592004,-2.546118233264591,0.01091839203297007
eth_rule_approval,ETH,log_corwin_schultz_spread,3,0.20286942667014002,0.04097365581902769,4.951216156209567,7.583214625128676e-07
eth_rule_approval,ETH,log_corwin_schultz_spread,4,0.11367004498360908,0.03108690014587487,3.656525560612795,0.00025791469899250075
eth_rule_approval,ETH,log_corwin_schultz_spread,5,-0.1787429344785684,0.03409327321791223,-5.242762504383382,1.637743169968786e-07
eth_rule_approval,ETH,log_corwin_schultz_spread,6,-0.13285188698427453,0.03179753525951921,-4.178056126048409,2.9831691947812544e-05
eth_rule_approval,ETH,log_corwin_schultz_spread,7,-0.1953093928196461,0.045278203677321584,-4.313541107141368,1.633191583216842e-05
eth_rule_approval,ETH,log_corwin_schultz_spread,8,-0.14279098647166788,0.03978918500654125,-3.5886883948035972,0.000335081399019721
eth_rule_approval,ETH,log_corwin_schultz_spread,9,0.05777708295381542,0.05107473800443134,1.1312262228110221,0.25800652188308026
eth_rule_approval,ETH,log_corwin_schultz_spread,10,-0.3776985615087099,0.0454463877563887,-8.31085989789396,0.0
eth_rule_approval,ETH,log_corwin_schultz_spread,11,-0.16114806226479222,0.0334420184884713,-4.818730134975134,1.4814273376906328e-06
eth_rule_approval,ETH,log_corwin_schultz_spread,12,-0.2260065211794518,0.04941846338528132,-4.573321501671075,4.900046843836492e-06
eth_rule_approval,ETH,log_corwin_schultz_spread,13,-0.09765405885670109,0.04763092992855633,-2.050223646760132,0.0403873369747092
eth_rule_approval,ETH,log_corwin_schultz_spread,14,-0.5378348549025475,0.05073622344609193,-10.600608763756448,0.0
eth_rule_approval,ETH,log_corwin_schultz_spread,15,-0.39045593670530243,0.043241860286325116,-9.029582310286981,0.0
eth_rule_approval,ETH,log_corwin_schultz_spread,16,-0.5854509213844451,0.060220964502851554,-9.721712799148595,0.0
eth_rule_approval,ETH,log_corwin_schultz_spread,17,-0.4977090706536096,0.06960708776130882,-7.150264242634523,9.727774141765622e-13
eth_rule_approval,ETH,log_corwin_schultz_spread,18,-0.3027793193365244,0.050653988565897944,-5.977403318252536,2.4018125266422885e-09
eth_rule_approval,ETH,log_corwin_schultz_spread,19,0.009465900144178327,0.03550568614140664,0.26660237198287007,0.7897847789220118
eth_rule_approval,ETH,log_corwin_schultz_spread,20,-0.38121555957621067,0.046605807507373836,-8.179572031144312,2.220446049250313e-16
eth_rule_approval,ETH,log_corwin_schultz_spread,21,-0.05583630773402043,0.03254601754730677,-1.7156110621786647,0.08628650329876364
eth_rule_approval,ETH,log_corwin_schultz_spread,22,-0.24681758530137402,0.053705821439669524,-4.5957324305827205,4.403422585008698e-06
eth_rule_approval,ETH,log_corwin_schultz_spread,23,0.06962802270706031,0.05020750762156888,1.3868050019903495,0.16555437091367398
eth_rule_approval,ETH,log_corwin_schultz_spread,24,-0.0735996272508577,0.04754443223475781,-1.5480177970671398,0.12167241121899819
eth_rule_approval,ETH,log_corwin_schultz_spread,25,-0.12329299037176378,0.046020821217170986,-2.6790697582285103,0.007403473961449247
eth_rule_approval,ETH,log_corwin_schultz_spread,26,-0.29202098861277553,0.042141876576427484,-6.929472826943845,4.68070027181966e-12
eth_rule_approval,ETH,log_corwin_schultz_spread,27,-0.2246040075856395,0.04237117977140022,-5.300867448048806,1.1950245504266377e-07
eth_rule_approval,ETH,log_corwin_schultz_spread,28,-0.21936188669372086,0.04713396141702204,-4.654009128426455,3.327636913796894e-06
eth_rule_approval,ETH,log_corwin_schultz_spread,29,-0.3249212871734617,0.03840028140184887,-8.461429846652573,0.0
eth_rule_approval,ETH,log_corwin_schultz_spread,30,-0.3112183543870274,0.056513103045017166,-5.507012314278996,3.806138693107641e-08
eth_etf_launch,ETH,log_dispersion_bps,-30,0.03949292062454595,0.07866564992913475,0.5020351406252004,0.6156617942663263
eth_etf_launch,ETH,log_dispersion_bps,-29,0.152338829262139,0.1155585846848978,1.3182822347429457,0.18746106396102036
eth_etf_launch,ETH,log_dispersion_bps,-28,0.2771997106384777,0.0703969471758389,3.937666642646914,8.323868363069309e-05
eth_etf_launch,ETH,log_dispersion_bps,-27,0.180696118765337,0.07105482029374173,2.5430522238792026,0.011014545877638948
eth_etf_launch,ETH,log_dispersion_bps,-26,0.45317931503597775,0.04226565877092064,10.722163766385476,0.0
eth_etf_launch,ETH,log_dispersion_bps,-25,0.40783305247172186,0.05067662565738814,8.047754703104703,8.881784197001252e-16
eth_etf_launch,ETH,log_dispersion_bps,-24,0.3298967185436673,0.11225763434355261,2.9387463977198496,0.003308371894512163
eth_etf_launch,ETH,log_dispersion_bps,-23,0.20135469499169165,0.10983400902948974,1.8332636382017995,0.06681442033978979
eth_etf_launch,ETH,log_dispersion_bps,-22,0.1958602280375026,0.05578457227649041,3.51101066199346,0.00044978993439448445
eth_etf_launch,ETH,log_dispersion_bps,-21,0.05085788213631984,0.08384050288209544,0.6066027801364822,0.5441382151540508
eth_etf_launch,ETH,log_dispersion_bps,-20,0.20266748131750917,0.07818375287310633,2.5921943353939816,0.00956042928763745
eth_etf_launch,ETH,log_dispersion_bps,-19,0.02332567535568568,0.057266524237794096,0.40731781204020534,0.6837895623540442
eth_etf_launch,ETH,log_dispersion_bps,-18,0.13226565604795554,0.18544399264629746,0.7132377499023629,0.4757272471817475
eth_etf_launch,ETH,log_dispersion_bps,-17,0.0018005441892811802,0.042830625671678293,0.04203870854195315,0.9664692824736438
eth_etf_launch,ETH,log_dispersion_bps,-16,0.09476362669133248,0.051338983681384655,1.8458415008650328,0.06496597676988913
eth_etf_launch,ETH,log_dispersion_bps,-15,0.17469082197795652,0.04112464142339227,4.247838180020944,2.192094205444306e-05
eth_etf_launch,ETH,log_dispersion_bps,-14,0.01767995157004275,0.0537097795373619,0.32917564961785256,0.7420347717629676
eth_etf_launch,ETH,log_dispersion_bps,-13,0.2690813239743068,0.03629760734114854,7.413197278964019,1.4077627952246985e-13
eth_etf_launch,ETH,log_dispersion_bps,-12,0.29392874287045606,0.0448352488039088,6.555751349925171,6.012945696909355e-11
eth_etf_launch,ETH,log_dispersion_bps,-11,0.15360237990835612,0.041793818855797485,3.675241557569439,0.00023976260168212526
eth_etf_launch,ETH,log_dispersion_bps,-10,0.16982467591346084,0.059466141965040804,2.8558213178399576,0.004307763735208914
eth_etf_launch,ETH,log_dispersion_bps,-9,0.10231522911614742,0.04871131208454632,2.1004408367929583,0.03573299866991775
eth_etf_launch,ETH,log_dispersion_bps,-8,0.15256334397771606,0.08132811229460848,1.8758992391838658,0.06071913029672871
eth_etf_launch,ETH,log_dispersion_bps,-7,0.21690970690598016,0.062406720460122585,3.4757427614640286,0.0005131588379694296
eth_etf_launch,ETH,log_dispersion_bps,-6,0.06083344984977053,0.05819263525043078,1.0453805638458382,0.2958905311807227
eth_etf_launch,ETH,log_dispersion_bps,-5,0.1335276890066176,0.05728954568178839,2.3307514035508285,0.019800458975439028
eth_etf_launch,ETH,log_dispersion_bps,-4,0.08815954858690682,0.05802570494208004,1.5193188721258226,0.128736570839729
eth_etf_launch,ETH,log_dispersion_bps,-3,-0.0436542424404985,0.02539370547929317,-1.7190969815766175,0.0856498885477035
eth_etf_launch,ETH,log_dispersion_bps,-2,-0.033156336606359915,0.023344679454374996,-1.4202952184955415,0.15557531873017805
eth_etf_launch,ETH,log_dispersion_bps,0,0.21536935880027916,0.039446066475614515,5.459843732033969,4.9628131382206675e-08
eth_etf_launch,ETH,log_dispersion_bps,1,0.10995583359429512,0.05454377941232969,2.015918859657156,0.04385432654400501
eth_etf_launch,ETH,log_dispersion_bps,2,0.17069729184545493,0.07772661130644194,2.1961241970587184,0.028122368752312887
eth_etf_launch,ETH,log_dispersion_bps,3,0.12400110828865418,0.03492416548654906,3.550581855317713,0.0003874187778769578
eth_etf_launch,ETH,log_dispersion_bps,4,0.09170695327144188,0.07591928027641315,1.2079534070600733,0.22711426673556456
eth_etf_launch,ETH,log_dispersion_bps,5,0.18647273649079632,0.05029059004671287,3.707905123355869,0.00021092503548580943
eth_etf_launch,ETH,log_dispersion_bps,6,0.26305155106336525,0.0356850912479933,7.371469200829284,1.9229062786507711e-13
eth_etf_launch,ETH,log_dispersion_bps,7,0.21638701378833108,0.037779363452952186,5.727651130432744,1.069268185105443e-08
eth_etf_launch,ETH,log_dispersion_bps,8,0.29296446049486496,0.048522619175687245,6.037688514589868,1.659934856235168e-09
eth_etf_launch,ETH,log_dispersion_bps,9,0.26981837083888555,0.03049735603945871,8.847270907346317,0.0
eth_etf_launch,ETH,log_dispersion_bps,10,0.1853084100263908,0.04316649860034708,4.292875633533567,1.792379852849635e-05
eth_etf_launch,ETH,log_dispersion_bps,11,0.4026370673101575,0.07625951960274312,5.279826956786577,1.3399623433052454e-07
eth_etf_launch,ETH,log_dispersion_bps,12,0.17679393749951733,0.035040017778302256,5.045486523953564,4.66101746532388e-07
eth_etf_launch,ETH,log_dispersion_bps,13,0.2452374839792394,0.1710978185233458,1.4333174209686224,0.15182086132543327
eth_etf_launch,ETH,log_dispersion_bps,14,0.1715347709006847,0.056061481755625746,3.0597616318528944,0.0022252170322660803
eth_etf_launch,ETH,log_dispersion_bps,15,0.06948286318582315,0.08623807425652792,0.8057098188340348,0.4204431036158589
eth_etf_launch,ETH,log_dispersion_bps,16,0.02721964957914595,0.06449055409592648,0.4220718826304094,0.6729881404146671
eth_etf_launch,ETH,log_dispersion_bps,17,0.14596615160109977,0.07636674615868594,1.9113836708164842,0.056004358643333196
eth_etf_launch,ETH,log_dispersion_bps,18,0.026730934122129787,0.1100251339977198,0.24295297947725078,0.8080503848092568
eth_etf_launch,ETH,log_dispersion_bps,19,0.14748848730825492,0.06788153167594402,2.1727336385446083,0.02984058545185886
eth_etf_launch,ETH,log_dispersion_bps,20,0.12669996493316846,0.07204971207601564,1.7585075815361257,0.07871373377247615
eth_etf_launch,ETH,log_dispersion_bps,21,-0.043738516989423486,0.07214844799252652,-0.6062294921985588,0.5443860145951009
eth_etf_launch,ETH,log_dispersion_bps,22,0.028849795830569472,0.06280833122785581,0.45933071722457164,0.6460138477852784
eth_etf_launch,ETH,log_dispersion_bps,23,0.11761402746372951,0.09860870787932513,1.1927346985183358,0.23302191552163332
eth_etf_launch,ETH,log_dispersion_bps,24,0.029601896013113357,0.19336535469205285,0.15308789964084485,0.8783342652198782
eth_etf_launch,ETH,log_dispersion_bps,25,0.20530015884037872,0.18363690111792588,1.1179678898444347,0.2636268519992415
eth_etf_launch,ETH,log_dispersion_bps,26,0.2065159362205891,0.08255584059608798,2.5015302942766615,0.01239303267138192
eth_etf_launch,ETH,log_dispersion_bps,27,0.23129076060052994,0.06507083305036719,3.554445974612043,0.000381782448014345
eth_etf_launch,ETH,log_dispersion_bps,28,0.08466487829416088,0.041310122003873316,2.049494753034681,0.04045848805683239
eth_etf_launch,ETH,log_dispersion_bps,29,0.17519868535793776,0.0919359206213851,1.9056608578430334,0.05674344388749741
eth_etf_launch,ETH,log_dispersion_bps,30,0.1351676837983862,0.053762648424356754,2.5141559755666636,0.011958527329070545
eth_etf_launch,ETH,log_amihud_illiquidity,-30,-0.18202929104556648,0.16667246307710237,-1.0921377634010248,0.27481775956470145
eth_etf_launch,ETH,log_amihud_illiquidity,-29,-0.5507072166802669,0.17238549738827552,-3.1946261432878647,0.0014075914229283448
eth_etf_launch,ETH,log_amihud_illiquidity,-28,-0.14630509433796135,0.15642369309668488,-0.9353128764677019,0.3496658865814979
eth_etf_launch,ETH,log_amihud_illiquidity,-27,-0.13416956988667664,0.16172462332480092,-0.8296174517421266,0.40678913205951006
eth_etf_launch,ETH,log_amihud_illiquidity,-26,-0.3730878928720235,0.17893496347836255,-2.0850474698710215,0.03710846671535717
eth_etf_launch,ETH,log_amihud_illiquidity,-25,0.00847401658047407,0.1396061346367066,0.060699457101407346,0.9516006482091335
eth_etf_launch,ETH,log_amihud_illiquidity,-24,0.03060014569269948,0.1752720349089335,0.1745865831283266,0.8614105644421115
eth_etf_launch,ETH,log_amihud_illiquidity,-23,0.05114874421514751,0.15552692602574228,0.32887388391307587,0.7422628478178552
eth_etf_launch,ETH,log_amihud_illiquidity,-22,-0.12974487800440102,0.12687564370455442,-1.0226145398444477,0.30653263536198305
eth_etf_launch,ETH,log_amihud_illiquidity,-21,-0.18769375938657795,0.10256680446864452,-1.8299659461844442,0.06730615223254643
eth_etf_launch,ETH,log_amihud_illiquidity,-20,-0.17222452496996876,0.11267809484787433,-1.5284650064636567,0.126451469403138
eth_etf_launch,ETH,log_amihud_illiquidity,-19,-0.007220094445142888,0.1593764976401383,-0.0453021276791098,0.96386804575359
eth_etf_launch,ETH,log_amihud_illiquidity,-18,-0.04608184599704655,0.17701398848914637,-0.26032883836111104,0.7946193388716503
eth_etf_launch,ETH,log_amihud_illiquidity,-17,-0.06225695426777927,0.20425523088804518,-0.3047998036432324,0.7605295296595684
eth_etf_launch,ETH,log_amihud_illiquidity,-16,-0.13046104649738288,0.226927835596099,-0.5749010303415839,0.565380455242388
eth_etf_launch,ETH,log_amihud_illiquidity,-15,-0.06054732297118296,0.14813511094912651,-0.4087303987774816,0.6827525609693361
eth_etf_launch,ETH,log_amihud_illiquidity,-14,-0.23498740977198557,0.12829530436763056,-1.8316134867931602,0.06706010982622046
eth_etf_launch,ETH,log_amihud_illiquidity,-13,-0.3616037851587338,0.0999096827440162,-3.6193067100935323,0.0002979023224363164
eth_etf_launch,ETH,log_amihud_illiquidity,-12,-0.12501058575939275,0.11213389990221023,-1.1148331224403327,0.2649679723932603
eth_etf_launch,ETH,log_amihud_illiquidity,-11,-0.24510458461319015,0.14179403806136612,-1.7285958419994565,0.08393448959849725
eth_etf_launch,ETH,log_amihud_illiquidity,-10,-0.020573932399633264,0.12723025427752452,-0.1617062900366119,0.871542764156289
eth_etf_launch,ETH,log_amihud_illiquidity,-9,-0.07693328862609014,0.13298324026482355,-0.5785186800448294,0.5629363748360716
eth_etf_launch,ETH,log_amihud_illiquidity,-8,-0.0081119862574795,0.14821594221834145,-0.05473086184972926,0.9563547605780278
eth_etf_launch,ETH,log_amihud_illiquidity,-7,-0.0775505569954974,0.08843501822223142,-0.8769213661563107,0.38056554457842817
eth_etf_launch,ETH,log_amihud_illiquidity,-6,-0.08676057389986203,0.11360347026392521,-0.763714116287985,0.44506858455552334
eth_etf_launch,ETH,log_amihud_illiquidity,-5,-0.028500619785000045,0.09113742380551496,-0.31272136730372885,0.7545035648833212
eth_etf_launch,ETH,log_amihud_illiquidity,-4,-0.34332057479471617,0.11325327499938212,-3.0314405900985135,0.0024446077894588747
eth_etf_launch,ETH,log_amihud_illiquidity,-3,-0.3075010934050811,0.12874091871564583,-2.3885264799474406,0.016947769591705297
eth_etf_launch,ETH,log_amihud_illiquidity,-2,-0.14441885994558906,0.17429597791104093,-0.8285840079413601,0.4073738180366919
eth_etf_launch,ETH,log_amihud_illiquidity,0,-0.20586109420843482,0.11347203234089068,-1.814201173289913,0.06969822794681124
eth_etf_launch,ETH,log_amihud_illiquidity,1,-0.5852526538643777,0.15039975672435965,-3.8913138332861856,0.00010081610747336711
eth_etf_launch,ETH,log_amihud_illiquidity,2,-0.502102315400756,0.2112523634083859,-2.3767891033252435,0.017496217916684875
eth_etf_launch,ETH,log_amihud_illiquidity,3,-0.18595724045681655,0.12493895687570612,-1.488384768906096,0.1367036302814948
eth_etf_launch,ETH,log_amihud_illiquidity,4,0.10643442371592894,0.14682124252600987,0.7249252348281533,0.4685270420458221
eth_etf_launch,ETH,log_amihud_illiquidity,5,0.08228337059230235,0.18290662051360468,0.4498654579109786,0.6528242098258938
eth_etf_launch,ETH,log_amihud_illiquidity,6,0.05649174401768472,0.1942339185362488,0.2908438672473262,0.7711810970766662
eth_etf_launch,ETH,log_amihud_illiquidity,7,-0.17389808763871079,0.15382027251098648,-1.1305277568422605,0.2583004953150372
eth_etf_launch,ETH,log_amihud_illiquidity,8,-0.04670188487045844,0.11872477588524803,-0.3933625860502577,0.6940661075771755
eth_etf_launch,ETH,log_amihud_illiquidity,9,-0.14580518127131958,0.12866132581429102,-1.1332479309421535,0.2571568314092232
eth_etf_launch,ETH,log_amihud_illiquidity,10,-0.25696976876526684,0.13377038938390362,-1.9209764578601698,0.05478347132774841
eth_etf_launch,ETH,log_amihud_illiquidity,11,0.04481181237312998,0.15412746518351303,0.29074514603723906,0.7712566004873189
eth_etf_launch,ETH,log_amihud_illiquidity,12,0.12339601346150998,0.11091453062608993,1.112532440654661,0.2659552402521417
eth_etf_launch,ETH,log_amihud_illiquidity,13,-0.010081964700863102,0.22891600550121416,-0.04404220088843735,0.9648722759459396
eth_etf_launch,ETH,log_amihud_illiquidity,14,0.09288340780621693,0.1525502902962339,0.6088707378127487,0.5426338854386827
eth_etf_launch,ETH,log_amihud_illiquidity,15,-0.09902627047185612,0.12855996302547357,-0.7702730161196026,0.4411692239313585
eth_etf_launch,ETH,log_amihud_illiquidity,16,0.073154573321877,0.18111400669742303,0.40391449924738415,0.6862904341576477
eth_etf_launch,ETH,log_amihud_illiquidity,17,-0.029535242028156952,0.12377668084257433,-0.23861717592606496,0.8114108464156946
eth_etf_launch,ETH,log_amihud_illiquidity,18,0.2028470546595102,0.15487823627422173,1.3097195547885543,0.19034242186151573
eth_etf_launch,ETH,log_amihud_illiquidity,19,0.19701709263134157,0.13979467618874555,1.4093318715895622,0.15879048724478495
eth_etf_launch,ETH,log_amihud_illiquidity,20,-0.1901609669634186,0.14035459710038414,-1.354860979917972,0.17551444078054113
eth_etf_launch,ETH,log_amihud_illiquidity,21,-0.23580992207651455,0.12434960299348,-1.8963464007913136,0.05796373058803339
eth_etf_launch,ETH,log_amihud_illiquidity,22,0.2408175237706837,0.1454099661522652,1.656128050525182,0.09774979798095451
eth_etf_launch,ETH,log_amihud_illiquidity,23,-0.20879263690962918,0.13305189202604772,-1.5692571802643258,0.11664238773402036
eth_etf_launch,ETH,log_amihud_illiquidity,24,-0.03999450508503334,0.24177952971254463,-0.16541725071838553,0.8686213218742842
eth_etf_launch,ETH,log_amihud_illiquidity,25,0.06864403408095834,0.5316700424553211,0.12911021611063753,0.8972748997536741
eth_etf_launch,ETH,log_amihud_illiquidity,26,0.13566944945600293,0.3234424053922874,0.4194547381363186,0.6748993083658634
eth_etf_launch,ETH,log_amihud_illiquidity,27,-0.15374631984048825,0.15359942454339418,-1.0009563531733974,0.31688952391064307
eth_etf_launch,ETH,log_amihud_illiquidity,28,-0.039224378040284676,0.1405203840699982,-0.27913657011317033,0.7801499372932574
eth_etf_launch,ETH,log_amihud_illiquidity,29,-0.03283225955502142,0.24073200843823275,-0.1363851021225769,0.8915215675606902
eth_etf_launch,ETH,log_amihud_illiquidity,30,0.23238765608016024,0.12887257368002367,1.8032359364309203,0.07140286842515553
eth_etf_launch,ETH,log_notional_volume,-30,0.31558015035523385,0.1285157741129951,2.455575220499904,0.014094961699184783
eth_etf_launch,ETH,log_notional_volume,-29,0.45640869122575883,0.138759174454805,3.2892145187445956,0.0010106458399146145
eth_etf_launch,ETH,log_notional_volume,-28,0.3501301277658372,0.14665029533145985,2.3875173723617196,0.01699432156984737
eth_etf_launch,ETH,log_notional_volume,-27,0.4541402577164432,0.13588174950235687,3.3421725829969984,0.000836496231802375
eth_etf_launch,ETH,log_notional_volume,-26,0.42991957020533095,0.20616877318677806,2.0852797616244554,0.03708737997485301
eth_etf_launch,ETH,log_notional_volume,-25,0.13002265227687893,0.11935528216125643,1.0893749310668146,0.2760336856578034
eth_etf_launch,ETH,log_notional_volume,-24,-0.3650140683818519,0.18205947550725965,-2.004916620597959,0.0450181892141992
eth_etf_launch,ETH,log_notional_volume,-23,0.014763659929312268,0.12144286719068535,0.1215687695032009,0.903244745251125
eth_etf_launch,ETH,log_notional_volume,-22,0.33968161957171544,0.11063059202910132,3.0704131049245618,0.002147485637382207
eth_etf_launch,ETH,log_notional_volume,-21,-0.032755371155957336,0.10815730642279665,-0.30284936116949546,0.7620154874660465
eth_etf_launch,ETH,log_notional_volume,-20,0.32891026767003734,0.12536237300657768,2.6236761460536457,0.008721347281997138
eth_etf_launch,ETH,log_notional_volume,-19,0.21890657735938268,0.16246307792605982,1.3474235509622157,0.17789631203625889
eth_etf_launch,ETH,log_notional_volume,-18,0.21274273934096719,0.1830410251543451,1.1622680716608575,0.24517424943275534
eth_etf_launch,ETH,log_notional_volume,-17,-0.02722137578751399,0.18967511893985975,-0.14351579658766456,0.8858878050573518
eth_etf_launch,ETH,log_notional_volume,-16,0.21314117993801826,0.24136165478853366,0.8830780519994343,0.3772305753731553
eth_etf_launch,ETH,log_notional_volume,-15,0.383974117328349,0.11520759747023969,3.332888852469446,0.000864857718507972
eth_etf_launch,ETH,log_notional_volume,-14,0.5546490524369491,0.1507930063655076,3.6782146984491684,0.00023699201982818607
eth_etf_launch,ETH,log_notional_volume,-13,0.5057224652036136,0.08563378398132115,5.9056419288201045,3.711355667235239e-09
eth_etf_launch,ETH,log_notional_volume,-12,0.39449227924268515,0.09550322203505593,4.130669843765906,3.6677638411752866e-05
eth_etf_launch,ETH,log_notional_volume,-11,0.2723234917105962,0.11567789773590126,2.354153187779442,0.01859801017323659
eth_etf_launch,ETH,log_notional_volume,-10,-0.25107124475300496,0.167657563345862,-1.4975241184620363,0.134311164357944
eth_etf_launch,ETH,log_notional_volume,-9,0.04183679481847397,0.09650324973858132,0.43352731573088066,0.6646477934622148
eth_etf_launch,ETH,log_notional_volume,-8,0.2812027902870994,0.11088357415226904,2.5360184539230515,0.011238013537108849
eth_etf_launch,ETH,log_notional_volume,-7,0.17631153078612788,0.08552348771921514,2.0615568364679167,0.03929425490405536
eth_etf_launch,ETH,log_notional_volume,-6,0.016305981725368898,0.08028444167690789,0.2031026358879066,0.83906191156911
eth_etf_launch,ETH,log_notional_volume,-5,0.11432822350227002,0.08420471794305912,1.357741303516758,0.17459842386398483
eth_etf_launch,ETH,log_notional_volume,-4,0.3031584020598382,0.09143494404115214,3.3155639262314813,0.0009201836832168908
eth_etf_launch,ETH,log_notional_volume,-3,-0.06351540898354846,0.1334979466978062,-0.4757781715349201,0.6342502798802347
eth_etf_launch,ETH,log_notional_volume,-2,-0.0040538996035621834,0.14095059687553824,-0.028761138252872,0.9770560813578255
eth_etf_launch,ETH,log_notional_volume,0,0.672955226656942,0.12397652507298224,5.428085891750782,5.9265932605967464e-08
eth_etf_launch,ETH,log_notional_volume,1,0.7580943610544072,0.2182889965933469,3.4728931502977676,0.000518626651969667
eth_etf_launch,ETH,log_notional_volume,2,0.7305446830791019,0.1437468367364506,5.082161803800264,3.8481732245188027e-07
eth_etf_launch,ETH,log_notional_volume,3,0.522306118833036,0.13348372592327656,3.9128823773861825,9.224084421011192e-05
eth_etf_launch,ETH,log_notional_volume,4,-0.02823580617583009,0.13754784660190827,-0.20527988531547361,0.8373606376924441
eth_etf_launch,ETH,log_notional_volume,5,-0.15590360133076317,0.1777522355119183,-0.8770837727118759,0.38047733980620757
eth_etf_launch,ETH,log_notional_volume,6,0.3341453423278248,0.14751287963660323,2.265194355577554,0.023537356409869536
eth_etf_launch,ETH,log_notional_volume,7,0.1571044592734394,0.15041342138939515,1.04448431411398,0.2963047524494422
eth_etf_launch,ETH,log_notional_volume,8,0.2926222517244705,0.10985351375950493,2.663749585334968,0.007748796413271863
eth_etf_launch,ETH,log_notional_volume,9,0.2675147537552537,0.11284701324007182,2.3705966695471172,0.017791794089929702
eth_etf_launch,ETH,log_notional_volume,10,0.33057787780092,0.10566190281059015,3.12863831719475,0.001764859968209187
eth_etf_launch,ETH,log_notional_volume,11,0.16369938279895768,0.1518622208659799,1.077946719503228,0.28110220939755415
eth_etf_launch,ETH,log_notional_volume,12,0.368509141141636,0.17058639952894172,2.160249247063302,0.0307940710133221
eth_etf_launch,ETH,log_notional_volume,13,0.2947911769574421,0.19537970508551286,1.5088116589612997,0.1314012018328128
eth_etf_launch,ETH,log_notional_volume,14,0.35057304788427834,0.11940154455622073,2.936084697959745,0.0033368500469908025
eth_etf_launch,ETH,log_notional_volume,15,0.3966843630979895,0.11373639888302259,3.4877520916235243,0.0004907007166721211
eth_etf_launch,ETH,log_notional_volume,16,0.4717943949530893,0.12183645492891294,3.872358197128797,0.00010896881782374024
eth_etf_launch,ETH,log_notional_volume,17,0.4416487913095877,0.10725634380229228,4.117693887866321,3.8798105817194894e-05
eth_etf_launch,ETH,log_notional_volume,18,0.0789330138046082,0.16987358147682874,0.464657382969081,0.6421942137717966
eth_etf_launch,ETH,log_notional_volume,19,0.3572621732482102,0.1938366503535113,1.8431095079111723,0.06536384183972
eth_etf_launch,ETH,log_notional_volume,20,0.6670787245634346,0.110608021370567,6.031015800640166,1.729511200920797e-09
eth_etf_launch,ETH,log_notional_volume,21,0.6101166533702149,0.08725310995091243,6.992491771507736,3.0033753262159735e-12
eth_etf_launch,ETH,log_notional_volume,22,0.5708999520125723,0.11871590937740306,4.808959094081118,1.5553779462162964e-06
eth_etf_launch,ETH,log_notional_volume,23,0.4540856077678333,0.10963264789431658,4.141883065759405,3.49343237278088e-05
eth_etf_launch,ETH,log_notional_volume,24,0.06211036321190641,0.1374404496779268,0.4519074505173236,0.6513524973602842
eth_etf_launch,ETH,log_notional_volume,25,-0.19170556482057588,0.2929915750946062,-0.6543040179864376,0.5129418114384743
eth_etf_launch,ETH,log_notional_volume,26,0.2795497613241499,0.11829490209599551,2.3631598350476435,0.018152544632190848
eth_etf_launch,ETH,log_notional_volume,27,0.236079793721274,0.12114699863664304,1.9487052620209735,0.051378621225234955
eth_etf_launch,ETH,log_notional_volume,28,0.35560691998160854,0.22496035263693243,1.5807537453300893,0.11398869480483165
eth_etf_launch,ETH,log_notional_volume,29,-0.005042721237331051,0.14099645867963362,-0.035764878668257304,0.9714710644430586
eth_etf_launch,ETH,log_notional_volume,30,0.0931111229496241,0.22778109949441888,0.4087745785593836,0.6827201375655751
eth_etf_launch,ETH,log_high_low_range_bps,-30,-0.004918059897277685,0.03914449271858094,-0.12563861620674935,0.900022333381099
eth_etf_launch,ETH,log_high_low_range_bps,-29,0.17495268749977905,0.03389209085194846,5.162050587673347,2.5236815059948015e-07
eth_etf_launch,ETH,log_high_low_range_bps,-28,0.10730969261454845,0.03799489689847057,2.8243185631296726,0.004754240996529768
eth_etf_launch,ETH,log_high_low_range_bps,-27,0.1959429606500981,0.03222069918016655,6.081275876555491,1.2680956285038292e-09
eth_etf_launch,ETH,log_high_low_range_bps,-26,-0.11940371108490283,0.040667430684837864,-2.9361016684395653,0.003336667770671431
eth_etf_launch,ETH,log_high_low_range_bps,-25,0.06627818369660955,0.033016736890773044,2.007411692920261,0.044751990788748364
eth_etf_launch,ETH,log_high_low_range_bps,-24,-0.10172962165356367,0.0521665271377767,-1.9500938098655902,0.05121288556770098
eth_etf_launch,ETH,log_high_low_range_bps,-23,-0.0037727762544176617,0.040454581319471064,-0.09325955507051062,0.9257005724409637
eth_etf_launch,ETH,log_high_low_range_bps,-22,0.15441919298653123,0.03361840882477421,4.593292734090854,4.455003387526801e-06
eth_etf_launch,ETH,log_high_low_range_bps,-21,-0.13854766228872978,0.04523808935757255,-3.0626329329166913,0.0022040130643434797
eth_etf_launch,ETH,log_high_low_range_bps,-20,0.11613856585086903,0.03529606746206011,3.290410921151679,0.001006366053383223
eth_etf_launch,ETH,log_high_low_range_bps,-19,0.13294439117932927,0.02918694112125378,4.554927171950879,5.347277550304952e-06
eth_etf_launch,ETH,log_high_low_range_bps,-18,0.08650536972590117,0.035938829467524955,2.4070168953073208,0.016114371224404955
eth_etf_launch,ETH,log_high_low_range_bps,-17,-0.015250215595391248,0.034011494550657384,-0.44838416532026487,0.6538926593645065
eth_etf_launch,ETH,log_high_low_range_bps,-16,0.05565263559983369,0.027946159855402244,1.991423361484692,0.04648102741361981
eth_etf_launch,ETH,log_high_low_range_bps,-15,0.2642276299505913,0.029734062150458655,8.886361662041374,0.0
eth_etf_launch,ETH,log_high_low_range_bps,-14,0.3511818518745584,0.034837857334889005,10.08046644484249,0.0
eth_etf_launch,ETH,log_high_low_range_bps,-13,0.28508381755474144,0.030214532074398764,9.435321283571932,0.0
eth_etf_launch,ETH,log_high_low_range_bps,-12,0.3009734994787857,0.031232174260598777,9.636648955896787,0.0
eth_etf_launch,ETH,log_high_low_range_bps,-11,0.20836071549388213,0.030047198329190138,6.934447372135347,4.519939977853937e-12
eth_etf_launch,ETH,log_high_low_range_bps,-10,-0.16244194617364466,0.03305708481803234,-4.9139827987806735,9.168845842566498e-07
eth_etf_launch,ETH,log_high_low_range_bps,-9,0.048450659845565236,0.03339143511045636,1.4509906413214673,0.14683636052235793
eth_etf_launch,ETH,log_high_low_range_bps,-8,0.31470132384990207,0.024253557816378907,12.975470495193825,0.0
eth_etf_launch,ETH,log_high_low_range_bps,-7,0.08486906327133474,0.02449654540222451,3.464531911655913,0.000534985250458142
eth_etf_launch,ETH,log_high_low_range_bps,-6,0.09572771561149317,0.02374315382397474,4.0318028649939395,5.605779049422388e-05
eth_etf_launch,ETH,log_high_low_range_bps,-5,0.08951877785414596,0.024696213091668657,3.624797758339127,0.00029165795112628956
eth_etf_launch,ETH,log_high_low_range_bps,-4,0.10735159101805368,0.023162962432795385,4.634622679612839,3.6539007575164817e-06
eth_etf_launch,ETH,log_high_low_range_bps,-3,-0.10161940104167551,0.019683844682395184,-5.162578890523443,2.5165994865794516e-07
eth_etf_launch,ETH,log_high_low_range_bps,-2,-0.05686800043931818,0.021929048456534175,-2.593272596940853,0.009530539994473841
eth_etf_launch,ETH,log_high_low_range_bps,0,0.3338239052040213,0.018186321159831292,18.355768726956654,0.0
eth_etf_launch,ETH,log_high_low_range_bps,1,0.1053817721421279,0.02193929804269148,4.803333813919957,1.599560613296802e-06
eth_etf_launch,ETH,log_high_low_range_bps,2,0.35284272850850024,0.01916196887263312,18.413699075173103,0.0
eth_etf_launch,ETH,log_high_low_range_bps,3,0.30030383374579744,0.019792912712802736,15.172291117696417,0.0
eth_etf_launch,ETH,log_high_low_range_bps,4,0.18930439208529115,0.025683144881665395,7.370763703491436,1.9340085088970227e-13
eth_etf_launch,ETH,log_high_low_range_bps,5,0.056913919237199594,0.0327264815704517,1.7390784620301623,0.08207383612767583
eth_etf_launch,ETH,log_high_low_range_bps,6,0.23522499495159713,0.03255673173892172,7.225080110556201,5.651035195342047e-13
eth_etf_launch,ETH,log_high_low_range_bps,7,0.18746276809896095,0.023936703056158127,7.83160352781888,5.551115123125783e-15
eth_etf_launch,ETH,log_high_low_range_bps,8,0.20609155228585427,0.02188570268325166,9.41672082768303,0.0
eth_etf_launch,ETH,log_high_low_range_bps,9,0.1277026142282445,0.023317899523232658,5.476591667315862,4.517638663159573e-08
eth_etf_launch,ETH,log_high_low_range_bps,10,0.14309511017924714,0.02376329907493414,6.021685361448228,1.8315853278494387e-09
eth_etf_launch,ETH,log_high_low_range_bps,11,0.1280475474173076,0.027403613520154,4.672651923190164,3.0403049424698736e-06
eth_etf_launch,ETH,log_high_low_range_bps,12,0.280727947435807,0.028031741485882864,10.014645275506165,0.0
eth_etf_launch,ETH,log_high_low_range_bps,13,0.37273499697747253,0.04175705550414112,8.926275870685082,0.0
eth_etf_launch,ETH,log_high_low_range_bps,14,0.3805157277034648,0.030993559299528996,12.277251671099533,0.0
eth_etf_launch,ETH,log_high_low_range_bps,15,0.36755108500928185,0.024319055947516172,15.113706954846728,0.0
eth_etf_launch,ETH,log_high_low_range_bps,16,0.46292021593633664,0.026284341864553768,17.612014724272637,0.0
eth_etf_launch,ETH,log_high_low_range_bps,17,0.5579799607679179,0.027094783273141545,20.593630705325886,0.0
eth_etf_launch,ETH,log_high_low_range_bps,18,0.4554727399858024,0.03204761314430067,14.212376376828656,0.0
eth_etf_launch,ETH,log_high_low_range_bps,19,0.5135473860307391,0.024105916245240288,21.303790356118036,0.0
eth_etf_launch,ETH,log_high_low_range_bps,20,0.4734315922174486,0.030004262172847306,15.778811339873101,0.0
eth_etf_launch,ETH,log_high_low_range_bps,21,0.48176331367046177,0.026819386449334764,17.96324888269066,0.0
eth_etf_launch,ETH,log_high_low_range_bps,22,0.5155820784740429,0.029208913414977312,17.651532295948755,0.0
eth_etf_launch,ETH,log_high_low_range_bps,23,0.37358557414655147,0.03287554717461079,11.363630608559577,0.0
eth_etf_launch,ETH,log_high_low_range_bps,24,0.27150847981019993,0.03371623024092078,8.052753165763917,1.1102230246251565e-15
eth_etf_launch,ETH,log_high_low_range_bps,25,0.16801672655811672,0.10373631018682757,1.6196520413683606,0.10536122318303742
eth_etf_launch,ETH,log_high_low_range_bps,26,0.39958491894217507,0.03532596875800259,11.31136478321362,0.0
eth_etf_launch,ETH,log_high_low_range_bps,27,0.36883071491500224,0.03090232757196922,11.935370047968814,0.0
eth_etf_launch,ETH,log_high_low_range_bps,28,0.2733786057907447,0.027201376247616843,10.050175524287887,0.0
eth_etf_launch,ETH,log_high_low_range_bps,29,0.1488446930532155,0.037237388445076985,3.9971839935218036,6.48930079618637e-05
eth_etf_launch,ETH,log_high_low_range_bps,30,0.17157755191138246,0.03669878158938042,4.6752928702415595,3.0015837606534035e-06
eth_etf_launch,ETH,log_rolling_notional_depth_proxy_24h,-30,-0.0377527698362424,0.12263446353962623,-0.30784796334224224,0.7582090392925604
eth_etf_launch,ETH,log_rolling_notional_depth_proxy_24h,-29,0.4023941203363332,0.12714293622750167,3.1648956070694654,0.001559383083201915
eth_etf_launch,ETH,log_rolling_notional_depth_proxy_24h,-28,0.34644680183664434,0.12418682663770435,2.78972263980421,0.005292481114248959
eth_etf_launch,ETH,log_rolling_notional_depth_proxy_24h,-27,0.40498122221042304,0.15257178989537676,2.654365020480728,0.007967398977228646
eth_etf_launch,ETH,log_rolling_notional_depth_proxy_24h,-26,0.41816526428221074,0.17054911056298558,2.451875960547903,0.014240539555959275
eth_etf_launch,ETH,log_rolling_notional_depth_proxy_24h,-25,0.3154654695221543,0.2302898305246569,1.3698627890056905,0.1707825820829214
eth_etf_launch,ETH,log_rolling_notional_depth_proxy_24h,-24,-0.053001714666578555,0.14313926890739428,-0.37028074176394365,0.7111867958407783
eth_etf_launch,ETH,log_rolling_notional_depth_proxy_24h,-23,-0.1597574588788201,0.1342182045462721,-1.1902815971863434,0.23398427968635316
eth_etf_launch,ETH,log_rolling_notional_depth_proxy_24h,-22,0.2932329201948425,0.12904178240778,2.2723873982785543,0.023099437571560744
eth_etf_launch,ETH,log_rolling_notional_depth_proxy_24h,-21,0.04099330466092089,0.12964709643651529,0.3161914596444064,0.7518685286001139
eth_etf_launch,ETH,log_rolling_notional_depth_proxy_24h,-20,0.20346220265932705,0.10164777811362385,2.0016394498253867,0.045369857439426786
eth_etf_launch,ETH,log_rolling_notional_depth_proxy_24h,-19,0.259668914460025,0.09486968314557843,2.7371116446289863,0.006216950274613886
eth_etf_launch,ETH,log_rolling_notional_depth_proxy_24h,-18,0.1893393251131167,0.13265162498169997,1.4273426740097388,0.15353479477168874
eth_etf_launch,ETH,log_rolling_notional_depth_proxy_24h,-17,0.15174806579433678,0.1107008036822343,1.3707946170827114,0.17049184952076235
eth_etf_launch,ETH,log_rolling_notional_depth_proxy_24h,-16,-0.026253884886850695,0.14431952067304318,-0.18191499503611186,0.855655771845039
eth_etf_launch,ETH,log_rolling_notional_depth_proxy_24h,-15,0.368713851913538,0.1183028850915993,3.1166936599056827,0.0018378248489894222
eth_etf_launch,ETH,log_rolling_notional_depth_proxy_24h,-14,0.5104009142851194,0.11946016549484097,4.272561587127231,1.9632165631611187e-05
eth_etf_launch,ETH,log_rolling_notional_depth_proxy_24h,-13,0.4692200719812092,0.12191938621314023,3.8486092044534717,0.00012006237944217624
eth_etf_launch,ETH,log_rolling_notional_depth_proxy_24h,-12,0.4606063108032115,0.11732875860427458,3.9257750297754406,8.744903055801778e-05
eth_etf_launch,ETH,log_rolling_notional_depth_proxy_24h,-11,0.3005368186737128,0.12168424030817518,2.469808891542397,0.013546999624201028
eth_etf_launch,ETH,log_rolling_notional_depth_proxy_24h,-10,0.06648522554506653,0.09233879468530998,0.7200140068066488,0.471545285167035
eth_etf_launch,ETH,log_rolling_notional_depth_proxy_24h,-9,-0.16416559511686643,0.11021706970914966,-1.4894752287470607,0.1364164572649611
eth_etf_launch,ETH,log_rolling_notional_depth_proxy_24h,-8,0.21035368023394763,0.09049463331778577,2.3244879007936134,0.02013359669503023
eth_etf_launch,ETH,log_rolling_notional_depth_proxy_24h,-7,0.2152743202400043,0.09803542542340059,2.1958829607793935,0.02813964462682983
eth_etf_launch,ETH,log_rolling_notional_depth_proxy_24h,-6,0.10807912185115078,0.10874031435442147,0.9939195273878311,0.32030336710739804
eth_etf_launch,ETH,log_rolling_notional_depth_proxy_24h,-5,0.007828750886943976,0.11107882671634091,0.07047923639791454,0.943814647888888
eth_etf_launch,ETH,log_rolling_notional_depth_proxy_24h,-4,0.21122784788768473,0.1386459071145214,1.5235058306712992,0.12768653453943535
eth_etf_launch,ETH,log_rolling_notional_depth_proxy_24h,-3,0.17416582903633002,0.08827282113174117,1.9730402495735282,0.04853822218032389
eth_etf_launch,ETH,log_rolling_notional_depth_proxy_24h,-2,-0.11866021529383222,0.08858523620739375,-1.3395032894197811,0.18045918764490132
eth_etf_launch,ETH,log_rolling_notional_depth_proxy_24h,0,0.24084653091978137,0.12624554344772457,1.9077626373362675,0.05647106712773087
eth_etf_launch,ETH,log_rolling_notional_depth_proxy_24h,1,0.7409637224225781,0.17601847906077844,4.209579166780133,2.597009965210617e-05
eth_etf_launch,ETH,log_rolling_notional_depth_proxy_24h,2,0.7757975717173075,0.18009676208393435,4.307670847273456,1.6769745133426994e-05
eth_etf_launch,ETH,log_rolling_notional_depth_proxy_24h,3,0.6193739574147172,0.168177710228432,3.6828540272871804,0.00023272872160018387
eth_etf_launch,ETH,log_rolling_notional_depth_proxy_24h,4,0.3442936759178701,0.14519432004610788,2.371261326259431,0.01775986051111711
eth_etf_launch,ETH,log_rolling_notional_depth_proxy_24h,5,-0.1357868894092883,0.12589631845298402,-1.078561240533796,0.28082806603043275
eth_etf_launch,ETH,log_rolling_notional_depth_proxy_24h,6,0.1964922392800678,0.1503545350689027,1.3068594119227708,0.19131209679829242
eth_etf_launch,ETH,log_rolling_notional_depth_proxy_24h,7,0.2615873584765627,0.16631845227486275,1.5728102017463208,0.11581712955539647
eth_etf_launch,ETH,log_rolling_notional_depth_proxy_24h,8,0.12161989169134067,0.1948833057700535,0.624065212824552,0.5326092182116542
eth_etf_launch,ETH,log_rolling_notional_depth_proxy_24h,9,0.34903783159561125,0.14401651581561864,2.4235958606475188,0.015397985673101022
eth_etf_launch,ETH,log_rolling_notional_depth_proxy_24h,10,0.2609995978281168,0.1248138108307596,2.0911115211602453,0.036561324927424366
eth_etf_launch,ETH,log_rolling_notional_depth_proxy_24h,11,0.2817398174114596,0.08234986495383757,3.421254152261124,0.0006276193581762346
eth_etf_launch,ETH,log_rolling_notional_depth_proxy_24h,12,0.17333589362134308,0.09588859034176697,1.8076800691671213,0.07070791518795638
eth_etf_launch,ETH,log_rolling_notional_depth_proxy_24h,13,0.35123374126151197,0.17510324262842109,2.005866573281282,0.04491668205994381
eth_etf_launch,ETH,log_rolling_notional_depth_proxy_24h,14,0.3175425951668589,0.11737821725453702,2.7052940706899764,0.006844268835610734
eth_etf_launch,ETH,log_rolling_notional_depth_proxy_24h,15,0.4110222699015178,0.12746944057712145,3.224476925925171,0.0012689994172603303
eth_etf_launch,ETH,log_rolling_notional_depth_proxy_24h,16,0.35067867543530523,0.12586967660870277,2.7860457330440056,0.005352807693502326
eth_etf_launch,ETH,log_rolling_notional_depth_proxy_24h,17,0.5071069288441298,0.13108504740563873,3.8685337411131466,0.00011068741353215117
eth_etf_launch,ETH,log_rolling_notional_depth_proxy_24h,18,0.3200175571101368,0.11865986156942643,2.6969318257875976,0.0070183147059021955
eth_etf_launch,ETH,log_rolling_notional_depth_proxy_24h,19,0.23167562881949016,0.1616918362996921,1.4328220528715172,0.15196240765895563
eth_etf_launch,ETH,log_rolling_notional_depth_proxy_24h,20,0.5649631294493406,0.13011297008938136,4.34209694130599,1.4352360089286975e-05
eth_etf_launch,ETH,log_rolling_notional_depth_proxy_24h,21,0.6015847111252981,0.09463825741966177,6.356675698894628,2.2183210823811805e-10
eth_etf_launch,ETH,log_rolling_notional_depth_proxy_24h,22,0.5858974160366881,0.15476144260807767,3.7858099935164833,0.0001547503266488004
eth_etf_launch,ETH,log_rolling_notional_depth_proxy_24h,23,0.4715365711759235,0.1336974463969959,3.5268928755434974,0.0004237079732913873
eth_etf_launch,ETH,log_rolling_notional_depth_proxy_24h,24,0.2792625475211384,0.10664255962594137,2.6186782134700963,0.008849998203704246
eth_etf_launch,ETH,log_rolling_notional_depth_proxy_24h,25,-0.045277520174739676,0.18668723922170144,-0.24253141437787354,0.8083769642069538
eth_etf_launch,ETH,log_rolling_notional_depth_proxy_24h,26,0.105864890601563,0.12613588920212065,0.8392923796012146,0.4013397305054067
eth_etf_launch,ETH,log_rolling_notional_depth_proxy_24h,27,0.2084796927461966,0.12404349126496741,1.6806983632931316,0.09287517973762593
eth_etf_launch,ETH,log_rolling_notional_depth_proxy_24h,28,0.23790826828498077,0.14827007574387943,1.6045602397609997,0.10864487524293187
eth_etf_launch,ETH,log_rolling_notional_depth_proxy_24h,29,0.24921655277205773,0.16847796187066763,1.4792234545392304,0.139134724102439
eth_etf_launch,ETH,log_rolling_notional_depth_proxy_24h,30,0.028818084259629305,0.1428035473294303,0.20180229972263583,0.8400783364933662
eth_etf_launch,ETH,log_corwin_schultz_spread,-30,0.2906025388372079,0.06386563812152776,4.550217415572207,5.468262350039055e-06
eth_etf_launch,ETH,log_corwin_schultz_spread,-29,0.26997679985591705,0.05111072823842236,5.282194348640932,1.3229770412515052e-07
eth_etf_launch,ETH,log_corwin_schultz_spread,-28,0.3330473662063295,0.04981376491458094,6.685850121496108,2.5106805523478215e-11
eth_etf_launch,ETH,log_corwin_schultz_spread,-27,0.25056413061054417,0.04910274299281172,5.102854043148362,3.4521674519005785e-07
eth_etf_launch,ETH,log_corwin_schultz_spread,-26,0.05048875620316871,0.05195846795499653,0.9717137204064445,0.3312334894005313
eth_etf_launch,ETH,log_corwin_schultz_spread,-25,0.25784242360515636,0.04462827829690852,5.777557043311204,7.973102400526955e-09
eth_etf_launch,ETH,log_corwin_schultz_spread,-24,0.4085691285300659,0.05155961350023378,7.9242085189062434,2.6645352591003757e-15
eth_etf_launch,ETH,log_corwin_schultz_spread,-23,0.16473227841254834,0.04508330968160144,3.6539526395901634,0.0002605139214806318
eth_etf_launch,ETH,log_corwin_schultz_spread,-22,0.1922245533354088,0.04455146647229315,4.3146627609880035,1.6250124327266136e-05
eth_etf_launch,ETH,log_corwin_schultz_spread,-21,0.06413276823330687,0.05926396090496344,1.08215460549711,0.2792288006787331
eth_etf_launch,ETH,log_corwin_schultz_spread,-20,0.17506841153105743,0.056123290187826066,3.119354031903002,0.0018213637997317456
eth_etf_launch,ETH,log_corwin_schultz_spread,-19,0.43663268767440655,0.05369363496173342,8.131926400318912,4.440892098500626e-16
eth_etf_launch,ETH,log_corwin_schultz_spread,-18,0.34191450901063203,0.04719531752824097,7.24467016894283,4.898303984646191e-13
eth_etf_launch,ETH,log_corwin_schultz_spread,-17,0.22876595023193963,0.045701106222494355,5.005698311069321,5.730296581685224e-07
eth_etf_launch,ETH,log_corwin_schultz_spread,-16,-0.2612982991165311,0.05856959538085425,-4.461330105106831,8.299075342055318e-06
eth_etf_launch,ETH,log_corwin_schultz_spread,-15,0.4700634345723558,0.04600719027121526,10.21717326794578,0.0
eth_etf_launch,ETH,log_corwin_schultz_spread,-14,0.5095500097124187,0.042502987172741834,11.988569359642682,0.0
eth_etf_launch,ETH,log_corwin_schultz_spread,-13,0.551437132885891,0.039848256504450806,13.838425598979441,0.0
eth_etf_launch,ETH,log_corwin_schultz_spread,-12,0.25121197960226965,0.05787568715385672,4.340544224286232,1.4454539763120167e-05
eth_etf_launch,ETH,log_corwin_schultz_spread,-11,0.2871175061371983,0.054074295005824266,5.309685611366237,1.1389923360027865e-07
eth_etf_launch,ETH,log_corwin_schultz_spread,-10,-0.3648554214039064,0.052662517091177044,-6.92818045085493,4.724443058989891e-12
eth_etf_launch,ETH,log_corwin_schultz_spread,-9,0.214303904623557,0.04832021430992947,4.435077693343737,9.373818943281265e-06
eth_etf_launch,ETH,log_corwin_schultz_spread,-8,0.28461207911753367,0.0424224915479217,6.7089901779113434,2.14572803969304e-11
eth_etf_launch,ETH,log_corwin_schultz_spread,-7,0.15061588764124356,0.04169706882527283,3.6121456947581505,0.00030624155835234923
eth_etf_launch,ETH,log_corwin_schultz_spread,-6,0.16791409781365454,0.03693271606128723,4.546486576698366,5.565697028586669e-06
eth_etf_launch,ETH,log_corwin_schultz_spread,-5,0.25024076843778076,0.04676542171753984,5.350978548835056,9.083463137216086e-08
eth_etf_launch,ETH,log_corwin_schultz_spread,-4,0.2119999606495153,0.04710633757057621,4.500455174038742,6.913252000195769e-06
eth_etf_launch,ETH,log_corwin_schultz_spread,-3,0.19821187350655103,0.027295413020403832,7.261728311580556,4.3232084578903596e-13
eth_etf_launch,ETH,log_corwin_schultz_spread,-2,0.23017980010685188,0.03730500840096204,6.170211721515545,7.280829272815481e-10
eth_etf_launch,ETH,log_corwin_schultz_spread,0,0.7731983099765029,0.04194384176351293,18.434131864599735,0.0
eth_etf_launch,ETH,log_corwin_schultz_spread,1,0.2253066921117129,0.029289544265930785,7.69239323309604,1.687538997430238e-14
eth_etf_launch,ETH,log_corwin_schultz_spread,2,0.6038107027429646,0.032361304565288546,18.658416613730257,0.0
eth_etf_launch,ETH,log_corwin_schultz_spread,3,0.4961798868697781,0.035296808980622686,14.057358191845953,0.0
eth_etf_launch,ETH,log_corwin_schultz_spread,4,0.48835580648399923,0.04150101299139467,11.767322561144734,0.0
eth_etf_launch,ETH,log_corwin_schultz_spread,5,0.24892108652268308,0.06061100958116817,4.106862569073966,4.065834339916918e-05
eth_etf_launch,ETH,log_corwin_schultz_spread,6,0.38331266187025415,0.040805321233749095,9.393693035143306,0.0
eth_etf_launch,ETH,log_corwin_schultz_spread,7,0.4212551912341853,0.039957031392767364,10.542704914520673,0.0
eth_etf_launch,ETH,log_corwin_schultz_spread,8,0.4478273681380477,0.04559028102013103,9.822869219435239,0.0
eth_etf_launch,ETH,log_corwin_schultz_spread,9,0.4778875647810098,0.03920046019277458,12.190866189603915,0.0
eth_etf_launch,ETH,log_corwin_schultz_spread,10,0.33585099469232477,0.053080160772171654,6.327241474151703,2.682509769869057e-10
eth_etf_launch,ETH,log_corwin_schultz_spread,11,0.5341743885766267,0.04504662896904842,11.858254453261273,0.0
eth_etf_launch,ETH,log_corwin_schultz_spread,12,0.32882255783891257,0.05939260988136951,5.536422098569183,3.222561995031015e-08
eth_etf_launch,ETH,log_corwin_schultz_spread,13,0.6749518596893881,0.051514677585621164,13.102127225149934,0.0
eth_etf_launch,ETH,log_corwin_schultz_spread,14,0.43818901549511324,0.041520519571743866,10.553553279552789,0.0
eth_etf_launch,ETH,log_corwin_schultz_spread,15,0.5661199703718436,0.042959048148637685,13.178131145110028,0.0
eth_etf_launch,ETH,log_corwin_schultz_spread,16,0.37262990190650713,0.0400593381096388,9.30194854659487,0.0
eth_etf_launch,ETH,log_corwin_schultz_spread,17,0.6705203095732358,0.06140142754832798,10.920272318513785,0.0
eth_etf_launch,ETH,log_corwin_schultz_spread,18,0.538997398623402,0.053821992858913904,10.014445210832326,0.0
eth_etf_launch,ETH,log_corwin_schultz_spread,19,0.744137541400626,0.053074065866000664,14.020737421538337,0.0
eth_etf_launch,ETH,log_corwin_schultz_spread,20,0.6813801480673874,0.040305394506171564,16.905433042295478,0.0
eth_etf_launch,ETH,log_corwin_schultz_spread,21,0.5777642522750183,0.04552839355469672,12.69019631849971,0.0
eth_etf_launch,ETH,log_corwin_schultz_spread,22,0.9879482629519959,0.054670609837222696,18.070920845652385,0.0
eth_etf_launch,ETH,log_corwin_schultz_spread,23,0.659210114449301,0.04570328320077811,14.42369274770347,0.0
eth_etf_launch,ETH,log_corwin_schultz_spread,24,0.6700020384358013,0.040643667143924395,16.484783129023246,0.0
eth_etf_launch,ETH,log_corwin_schultz_spread,25,0.4654254770529647,0.09161256480676032,5.080367284058615,3.884890651395523e-07
eth_etf_launch,ETH,log_corwin_schultz_spread,26,0.522495286192663,0.0546487251226365,9.560978504441561,0.0
eth_etf_launch,ETH,log_corwin_schultz_spread,27,0.2058337117044906,0.04065672008103099,5.062722996204641,4.2606358729990745e-07
eth_etf_launch,ETH,log_corwin_schultz_spread,28,0.4481799771205964,0.057061988994638664,7.854264897122771,4.884981308350689e-15
eth_etf_launch,ETH,log_corwin_schultz_spread,29,0.33773306217810567,0.05106734533652081,6.613483821266422,4.089772964732674e-11
eth_etf_launch,ETH,log_corwin_schultz_spread,30,0.294989683454336,0.04151215586769274,7.106103677065704,1.3371526108585385e-12
